id,question_type,closest_source,layer,span_type,category,probability_mass
0,cross_domain_mapping,qwen_thinking,6,thinking,reasoning,0.00021941
0,cross_domain_mapping,qwen_thinking,6,thinking,answer,0.00019648
0,cross_domain_mapping,qwen_thinking,6,thinking,causal,0.00016604
0,cross_domain_mapping,qwen_thinking,6,thinking,uncertainty,0.00014292
0,cross_domain_mapping,qwen_thinking,6,thinking,contrast,0.00015596
0,cross_domain_mapping,qwen_thinking,6,answer,reasoning,0.00018137
0,cross_domain_mapping,qwen_thinking,6,answer,answer,0.0001607
0,cross_domain_mapping,qwen_thinking,6,answer,causal,0.00016629
0,cross_domain_mapping,qwen_thinking,6,answer,uncertainty,0.00013653
0,cross_domain_mapping,qwen_thinking,6,answer,contrast,0.00013825
0,cross_domain_mapping,qwen_thinking,7,thinking,reasoning,4e-08
0,cross_domain_mapping,qwen_thinking,7,thinking,answer,1e-08
0,cross_domain_mapping,qwen_thinking,7,thinking,causal,9e-08
0,cross_domain_mapping,qwen_thinking,7,thinking,uncertainty,8e-08
0,cross_domain_mapping,qwen_thinking,7,thinking,contrast,1.3e-06
0,cross_domain_mapping,qwen_thinking,7,answer,reasoning,0.00018205
0,cross_domain_mapping,qwen_thinking,7,answer,answer,0.00017481
0,cross_domain_mapping,qwen_thinking,7,answer,causal,0.00017355
0,cross_domain_mapping,qwen_thinking,7,answer,uncertainty,0.00012905
0,cross_domain_mapping,qwen_thinking,7,answer,contrast,0.00013354
0,cross_domain_mapping,qwen_thinking,8,thinking,reasoning,4e-08
0,cross_domain_mapping,qwen_thinking,8,thinking,answer,1e-08
0,cross_domain_mapping,qwen_thinking,8,thinking,causal,9e-08
0,cross_domain_mapping,qwen_thinking,8,thinking,uncertainty,7e-08
0,cross_domain_mapping,qwen_thinking,8,thinking,contrast,1.52e-06
0,cross_domain_mapping,qwen_thinking,8,answer,reasoning,0.00016559
0,cross_domain_mapping,qwen_thinking,8,answer,answer,0.00017735
0,cross_domain_mapping,qwen_thinking,8,answer,causal,0.00018252
0,cross_domain_mapping,qwen_thinking,8,answer,uncertainty,0.00013505
0,cross_domain_mapping,qwen_thinking,8,answer,contrast,0.00013176
0,cross_domain_mapping,qwen_thinking,9,thinking,reasoning,4e-08
0,cross_domain_mapping,qwen_thinking,9,thinking,answer,1e-08
0,cross_domain_mapping,qwen_thinking,9,thinking,causal,9e-08
0,cross_domain_mapping,qwen_thinking,9,thinking,uncertainty,6e-08
0,cross_domain_mapping,qwen_thinking,9,thinking,contrast,1.5e-06
0,cross_domain_mapping,qwen_thinking,9,answer,reasoning,0.00015358
0,cross_domain_mapping,qwen_thinking,9,answer,answer,0.00016765
0,cross_domain_mapping,qwen_thinking,9,answer,causal,0.00017763
0,cross_domain_mapping,qwen_thinking,9,answer,uncertainty,0.00012252
0,cross_domain_mapping,qwen_thinking,9,answer,contrast,0.00012618
0,cross_domain_mapping,qwen_thinking,10,thinking,reasoning,4e-08
0,cross_domain_mapping,qwen_thinking,10,thinking,answer,1e-08
0,cross_domain_mapping,qwen_thinking,10,thinking,causal,1.1e-07
0,cross_domain_mapping,qwen_thinking,10,thinking,uncertainty,7e-08
0,cross_domain_mapping,qwen_thinking,10,thinking,contrast,1.66e-06
0,cross_domain_mapping,qwen_thinking,10,answer,reasoning,0.00013247
0,cross_domain_mapping,qwen_thinking,10,answer,answer,0.00018362
0,cross_domain_mapping,qwen_thinking,10,answer,causal,0.00018792
0,cross_domain_mapping,qwen_thinking,10,answer,uncertainty,0.00012538
0,cross_domain_mapping,qwen_thinking,10,answer,contrast,0.0001071
0,cross_domain_mapping,qwen_thinking,35,thinking,reasoning,0.0
0,cross_domain_mapping,qwen_thinking,35,thinking,answer,0.0
0,cross_domain_mapping,qwen_thinking,35,thinking,causal,0.0
0,cross_domain_mapping,qwen_thinking,35,thinking,uncertainty,0.0
0,cross_domain_mapping,qwen_thinking,35,thinking,contrast,0.0
0,cross_domain_mapping,qwen_thinking,35,answer,reasoning,0.0
0,cross_domain_mapping,qwen_thinking,35,answer,answer,0.0
0,cross_domain_mapping,qwen_thinking,35,answer,causal,0.0
0,cross_domain_mapping,qwen_thinking,35,answer,uncertainty,0.0
0,cross_domain_mapping,qwen_thinking,35,answer,contrast,0.0
0,cross_domain_mapping,qwen_thinking,36,thinking,reasoning,0.00012985
0,cross_domain_mapping,qwen_thinking,36,thinking,answer,7.406e-05
0,cross_domain_mapping,qwen_thinking,36,thinking,causal,7.9e-07
0,cross_domain_mapping,qwen_thinking,36,thinking,uncertainty,8.79e-06
0,cross_domain_mapping,qwen_thinking,36,thinking,contrast,4.739e-05
0,cross_domain_mapping,qwen_thinking,36,answer,reasoning,1.98e-06
0,cross_domain_mapping,qwen_thinking,36,answer,answer,0.00037259
0,cross_domain_mapping,qwen_thinking,36,answer,causal,4.043e-05
0,cross_domain_mapping,qwen_thinking,36,answer,uncertainty,2.45e-05
0,cross_domain_mapping,qwen_thinking,36,answer,contrast,1.76e-06
1,cross_domain_mapping,qwen_thinking,6,thinking,reasoning,0.00022126
1,cross_domain_mapping,qwen_thinking,6,thinking,answer,0.00018691
1,cross_domain_mapping,qwen_thinking,6,thinking,causal,0.00016658
1,cross_domain_mapping,qwen_thinking,6,thinking,uncertainty,0.00015122
1,cross_domain_mapping,qwen_thinking,6,thinking,contrast,0.0001667
1,cross_domain_mapping,qwen_thinking,6,answer,reasoning,0.00019575
1,cross_domain_mapping,qwen_thinking,6,answer,answer,0.00015555
1,cross_domain_mapping,qwen_thinking,6,answer,causal,0.00017848
1,cross_domain_mapping,qwen_thinking,6,answer,uncertainty,0.0001566
1,cross_domain_mapping,qwen_thinking,6,answer,contrast,0.00014225
1,cross_domain_mapping,qwen_thinking,7,thinking,reasoning,5e-08
1,cross_domain_mapping,qwen_thinking,7,thinking,answer,0.0
1,cross_domain_mapping,qwen_thinking,7,thinking,causal,1.1e-07
1,cross_domain_mapping,qwen_thinking,7,thinking,uncertainty,9e-08
1,cross_domain_mapping,qwen_thinking,7,thinking,contrast,1.36e-06
1,cross_domain_mapping,qwen_thinking,7,answer,reasoning,0.00018819
1,cross_domain_mapping,qwen_thinking,7,answer,answer,0.00015383
1,cross_domain_mapping,qwen_thinking,7,answer,causal,0.00017742
1,cross_domain_mapping,qwen_thinking,7,answer,uncertainty,0.00015462
1,cross_domain_mapping,qwen_thinking,7,answer,contrast,0.00012757
1,cross_domain_mapping,qwen_thinking,8,thinking,reasoning,4e-08
1,cross_domain_mapping,qwen_thinking,8,thinking,answer,0.0
1,cross_domain_mapping,qwen_thinking,8,thinking,causal,1.1e-07
1,cross_domain_mapping,qwen_thinking,8,thinking,uncertainty,8e-08
1,cross_domain_mapping,qwen_thinking,8,thinking,contrast,1.56e-06
1,cross_domain_mapping,qwen_thinking,8,answer,reasoning,0.00017116
1,cross_domain_mapping,qwen_thinking,8,answer,answer,0.00014993
1,cross_domain_mapping,qwen_thinking,8,answer,causal,0.00017543
1,cross_domain_mapping,qwen_thinking,8,answer,uncertainty,0.00015533
1,cross_domain_mapping,qwen_thinking,8,answer,contrast,0.00012273
1,cross_domain_mapping,qwen_thinking,9,thinking,reasoning,4e-08
1,cross_domain_mapping,qwen_thinking,9,thinking,answer,1e-08
1,cross_domain_mapping,qwen_thinking,9,thinking,causal,1.2e-07
1,cross_domain_mapping,qwen_thinking,9,thinking,uncertainty,7e-08
1,cross_domain_mapping,qwen_thinking,9,thinking,contrast,1.61e-06
1,cross_domain_mapping,qwen_thinking,9,answer,reasoning,0.00016224
1,cross_domain_mapping,qwen_thinking,9,answer,answer,0.00013676
1,cross_domain_mapping,qwen_thinking,9,answer,causal,0.00017422
1,cross_domain_mapping,qwen_thinking,9,answer,uncertainty,0.00016663
1,cross_domain_mapping,qwen_thinking,9,answer,contrast,0.00011422
1,cross_domain_mapping,qwen_thinking,10,thinking,reasoning,5e-08
1,cross_domain_mapping,qwen_thinking,10,thinking,answer,1e-08
1,cross_domain_mapping,qwen_thinking,10,thinking,causal,1.3e-07
1,cross_domain_mapping,qwen_thinking,10,thinking,uncertainty,8e-08
1,cross_domain_mapping,qwen_thinking,10,thinking,contrast,2.22e-06
1,cross_domain_mapping,qwen_thinking,10,answer,reasoning,0.00015688
1,cross_domain_mapping,qwen_thinking,10,answer,answer,0.00015146
1,cross_domain_mapping,qwen_thinking,10,answer,causal,0.00020061
1,cross_domain_mapping,qwen_thinking,10,answer,uncertainty,0.00017286
1,cross_domain_mapping,qwen_thinking,10,answer,contrast,0.00010959
1,cross_domain_mapping,qwen_thinking,35,thinking,reasoning,0.0
1,cross_domain_mapping,qwen_thinking,35,thinking,answer,0.0
1,cross_domain_mapping,qwen_thinking,35,thinking,causal,0.0
1,cross_domain_mapping,qwen_thinking,35,thinking,uncertainty,0.0
1,cross_domain_mapping,qwen_thinking,35,thinking,contrast,5e-08
1,cross_domain_mapping,qwen_thinking,35,answer,reasoning,0.0
1,cross_domain_mapping,qwen_thinking,35,answer,answer,0.0
1,cross_domain_mapping,qwen_thinking,35,answer,causal,0.0
1,cross_domain_mapping,qwen_thinking,35,answer,uncertainty,0.0
1,cross_domain_mapping,qwen_thinking,35,answer,contrast,0.0
1,cross_domain_mapping,qwen_thinking,36,thinking,reasoning,0.00021594
1,cross_domain_mapping,qwen_thinking,36,thinking,answer,8.701e-05
1,cross_domain_mapping,qwen_thinking,36,thinking,causal,2.011e-05
1,cross_domain_mapping,qwen_thinking,36,thinking,uncertainty,1.932e-05
1,cross_domain_mapping,qwen_thinking,36,thinking,contrast,0.0006282
1,cross_domain_mapping,qwen_thinking,36,answer,reasoning,3.774e-05
1,cross_domain_mapping,qwen_thinking,36,answer,answer,0.00118126
1,cross_domain_mapping,qwen_thinking,36,answer,causal,0.00060926
1,cross_domain_mapping,qwen_thinking,36,answer,uncertainty,0.00012496
1,cross_domain_mapping,qwen_thinking,36,answer,contrast,8.986e-05
2,causal_multiscale_reasoning,qwen_thinking,6,thinking,reasoning,0.00024472
2,causal_multiscale_reasoning,qwen_thinking,6,thinking,answer,0.00020052
2,causal_multiscale_reasoning,qwen_thinking,6,thinking,causal,0.00018324
2,causal_multiscale_reasoning,qwen_thinking,6,thinking,uncertainty,0.00017158
2,causal_multiscale_reasoning,qwen_thinking,6,thinking,contrast,0.00018114
2,causal_multiscale_reasoning,qwen_thinking,6,answer,reasoning,0.00021548
2,causal_multiscale_reasoning,qwen_thinking,6,answer,answer,0.00016813
2,causal_multiscale_reasoning,qwen_thinking,6,answer,causal,0.00018081
2,causal_multiscale_reasoning,qwen_thinking,6,answer,uncertainty,0.00015345
2,causal_multiscale_reasoning,qwen_thinking,6,answer,contrast,0.00015917
2,causal_multiscale_reasoning,qwen_thinking,7,thinking,reasoning,6e-08
2,causal_multiscale_reasoning,qwen_thinking,7,thinking,answer,1e-08
2,causal_multiscale_reasoning,qwen_thinking,7,thinking,causal,1.4e-07
2,causal_multiscale_reasoning,qwen_thinking,7,thinking,uncertainty,1.3e-07
2,causal_multiscale_reasoning,qwen_thinking,7,thinking,contrast,1.33e-06
2,causal_multiscale_reasoning,qwen_thinking,7,answer,reasoning,0.0002124
2,causal_multiscale_reasoning,qwen_thinking,7,answer,answer,0.0001652
2,causal_multiscale_reasoning,qwen_thinking,7,answer,causal,0.00017701
2,causal_multiscale_reasoning,qwen_thinking,7,answer,uncertainty,0.00014693
2,causal_multiscale_reasoning,qwen_thinking,7,answer,contrast,0.00016553
2,causal_multiscale_reasoning,qwen_thinking,8,thinking,reasoning,5e-08
2,causal_multiscale_reasoning,qwen_thinking,8,thinking,answer,1e-08
2,causal_multiscale_reasoning,qwen_thinking,8,thinking,causal,1.5e-07
2,causal_multiscale_reasoning,qwen_thinking,8,thinking,uncertainty,1.2e-07
2,causal_multiscale_reasoning,qwen_thinking,8,thinking,contrast,1.42e-06
2,causal_multiscale_reasoning,qwen_thinking,8,answer,reasoning,0.00019139
2,causal_multiscale_reasoning,qwen_thinking,8,answer,answer,0.00017821
2,causal_multiscale_reasoning,qwen_thinking,8,answer,causal,0.00018382
2,causal_multiscale_reasoning,qwen_thinking,8,answer,uncertainty,0.00014335
2,causal_multiscale_reasoning,qwen_thinking,8,answer,contrast,0.00015671
2,causal_multiscale_reasoning,qwen_thinking,9,thinking,reasoning,6e-08
2,causal_multiscale_reasoning,qwen_thinking,9,thinking,answer,1e-08
2,causal_multiscale_reasoning,qwen_thinking,9,thinking,causal,1.8e-07
2,causal_multiscale_reasoning,qwen_thinking,9,thinking,uncertainty,1.3e-07
2,causal_multiscale_reasoning,qwen_thinking,9,thinking,contrast,1.43e-06
2,causal_multiscale_reasoning,qwen_thinking,9,answer,reasoning,0.00018203
2,causal_multiscale_reasoning,qwen_thinking,9,answer,answer,0.00015995
2,causal_multiscale_reasoning,qwen_thinking,9,answer,causal,0.00018258
2,causal_multiscale_reasoning,qwen_thinking,9,answer,uncertainty,0.00014881
2,causal_multiscale_reasoning,qwen_thinking,9,answer,contrast,0.00014576
2,causal_multiscale_reasoning,qwen_thinking,10,thinking,reasoning,6e-08
2,causal_multiscale_reasoning,qwen_thinking,10,thinking,answer,1e-08
2,causal_multiscale_reasoning,qwen_thinking,10,thinking,causal,1.7e-07
2,causal_multiscale_reasoning,qwen_thinking,10,thinking,uncertainty,1.4e-07
2,causal_multiscale_reasoning,qwen_thinking,10,thinking,contrast,1.42e-06
2,causal_multiscale_reasoning,qwen_thinking,10,answer,reasoning,0.00016591
2,causal_multiscale_reasoning,qwen_thinking,10,answer,answer,0.00016983
2,causal_multiscale_reasoning,qwen_thinking,10,answer,causal,0.0001921
2,causal_multiscale_reasoning,qwen_thinking,10,answer,uncertainty,0.00016581
2,causal_multiscale_reasoning,qwen_thinking,10,answer,contrast,0.00014675
2,causal_multiscale_reasoning,qwen_thinking,35,thinking,reasoning,0.0
2,causal_multiscale_reasoning,qwen_thinking,35,thinking,answer,0.0
2,causal_multiscale_reasoning,qwen_thinking,35,thinking,causal,0.0
2,causal_multiscale_reasoning,qwen_thinking,35,thinking,uncertainty,0.0
2,causal_multiscale_reasoning,qwen_thinking,35,thinking,contrast,0.0
2,causal_multiscale_reasoning,qwen_thinking,35,answer,reasoning,0.0
2,causal_multiscale_reasoning,qwen_thinking,35,answer,answer,0.0
2,causal_multiscale_reasoning,qwen_thinking,35,answer,causal,0.0
2,causal_multiscale_reasoning,qwen_thinking,35,answer,uncertainty,0.0
2,causal_multiscale_reasoning,qwen_thinking,35,answer,contrast,0.0
2,causal_multiscale_reasoning,qwen_thinking,36,thinking,reasoning,0.00029671
2,causal_multiscale_reasoning,qwen_thinking,36,thinking,answer,0.00010346
2,causal_multiscale_reasoning,qwen_thinking,36,thinking,causal,8.29e-06
2,causal_multiscale_reasoning,qwen_thinking,36,thinking,uncertainty,1.599e-05
2,causal_multiscale_reasoning,qwen_thinking,36,thinking,contrast,0.00033566
2,causal_multiscale_reasoning,qwen_thinking,36,answer,reasoning,4.8e-07
2,causal_multiscale_reasoning,qwen_thinking,36,answer,answer,1.978e-05
2,causal_multiscale_reasoning,qwen_thinking,36,answer,causal,4.9e-07
2,causal_multiscale_reasoning,qwen_thinking,36,answer,uncertainty,1.66e-06
2,causal_multiscale_reasoning,qwen_thinking,36,answer,contrast,1.03e-06
3,hidden_variable_identification,graph_patterns,6,thinking,reasoning,0.00026144
3,hidden_variable_identification,graph_patterns,6,thinking,answer,0.00021799
3,hidden_variable_identification,graph_patterns,6,thinking,causal,0.00019545
3,hidden_variable_identification,graph_patterns,6,thinking,uncertainty,0.00017239
3,hidden_variable_identification,graph_patterns,6,thinking,contrast,0.000183
3,hidden_variable_identification,graph_patterns,6,answer,reasoning,0.00021461
3,hidden_variable_identification,graph_patterns,6,answer,answer,0.00016059
3,hidden_variable_identification,graph_patterns,6,answer,causal,0.00018385
3,hidden_variable_identification,graph_patterns,6,answer,uncertainty,0.00017306
3,hidden_variable_identification,graph_patterns,6,answer,contrast,0.00014928
3,hidden_variable_identification,graph_patterns,7,thinking,reasoning,7e-08
3,hidden_variable_identification,graph_patterns,7,thinking,answer,1e-08
3,hidden_variable_identification,graph_patterns,7,thinking,causal,1.6e-07
3,hidden_variable_identification,graph_patterns,7,thinking,uncertainty,1e-07
3,hidden_variable_identification,graph_patterns,7,thinking,contrast,1.49e-06
3,hidden_variable_identification,graph_patterns,7,answer,reasoning,0.0002169
3,hidden_variable_identification,graph_patterns,7,answer,answer,0.00015682
3,hidden_variable_identification,graph_patterns,7,answer,causal,0.00019103
3,hidden_variable_identification,graph_patterns,7,answer,uncertainty,0.00017125
3,hidden_variable_identification,graph_patterns,7,answer,contrast,0.00014636
3,hidden_variable_identification,graph_patterns,8,thinking,reasoning,6e-08
3,hidden_variable_identification,graph_patterns,8,thinking,answer,1e-08
3,hidden_variable_identification,graph_patterns,8,thinking,causal,1.8e-07
3,hidden_variable_identification,graph_patterns,8,thinking,uncertainty,8e-08
3,hidden_variable_identification,graph_patterns,8,thinking,contrast,1.6e-06
3,hidden_variable_identification,graph_patterns,8,answer,reasoning,0.00019478
3,hidden_variable_identification,graph_patterns,8,answer,answer,0.00015539
3,hidden_variable_identification,graph_patterns,8,answer,causal,0.00019741
3,hidden_variable_identification,graph_patterns,8,answer,uncertainty,0.00018615
3,hidden_variable_identification,graph_patterns,8,answer,contrast,0.00013798
3,hidden_variable_identification,graph_patterns,9,thinking,reasoning,7e-08
3,hidden_variable_identification,graph_patterns,9,thinking,answer,1e-08
3,hidden_variable_identification,graph_patterns,9,thinking,causal,1.9e-07
3,hidden_variable_identification,graph_patterns,9,thinking,uncertainty,8e-08
3,hidden_variable_identification,graph_patterns,9,thinking,contrast,1.44e-06
3,hidden_variable_identification,graph_patterns,9,answer,reasoning,0.0001934
3,hidden_variable_identification,graph_patterns,9,answer,answer,0.00013774
3,hidden_variable_identification,graph_patterns,9,answer,causal,0.00020647
3,hidden_variable_identification,graph_patterns,9,answer,uncertainty,0.00019276
3,hidden_variable_identification,graph_patterns,9,answer,contrast,0.00012843
3,hidden_variable_identification,graph_patterns,10,thinking,reasoning,7e-08
3,hidden_variable_identification,graph_patterns,10,thinking,answer,1e-08
3,hidden_variable_identification,graph_patterns,10,thinking,causal,1.8e-07
3,hidden_variable_identification,graph_patterns,10,thinking,uncertainty,8e-08
3,hidden_variable_identification,graph_patterns,10,thinking,contrast,1.48e-06
3,hidden_variable_identification,graph_patterns,10,answer,reasoning,0.00017655
3,hidden_variable_identification,graph_patterns,10,answer,answer,0.00013875
3,hidden_variable_identification,graph_patterns,10,answer,causal,0.0002122
3,hidden_variable_identification,graph_patterns,10,answer,uncertainty,0.00018839
3,hidden_variable_identification,graph_patterns,10,answer,contrast,0.00013246
3,hidden_variable_identification,graph_patterns,35,thinking,reasoning,0.0
3,hidden_variable_identification,graph_patterns,35,thinking,answer,0.0
3,hidden_variable_identification,graph_patterns,35,thinking,causal,0.0
3,hidden_variable_identification,graph_patterns,35,thinking,uncertainty,0.0
3,hidden_variable_identification,graph_patterns,35,thinking,contrast,0.0
3,hidden_variable_identification,graph_patterns,35,answer,reasoning,0.0
3,hidden_variable_identification,graph_patterns,35,answer,answer,0.0
3,hidden_variable_identification,graph_patterns,35,answer,causal,0.0
3,hidden_variable_identification,graph_patterns,35,answer,uncertainty,0.0
3,hidden_variable_identification,graph_patterns,35,answer,contrast,0.0
3,hidden_variable_identification,graph_patterns,36,thinking,reasoning,0.0001645
3,hidden_variable_identification,graph_patterns,36,thinking,answer,3.952e-05
3,hidden_variable_identification,graph_patterns,36,thinking,causal,5.33e-06
3,hidden_variable_identification,graph_patterns,36,thinking,uncertainty,1.477e-05
3,hidden_variable_identification,graph_patterns,36,thinking,contrast,7.207e-05
3,hidden_variable_identification,graph_patterns,36,answer,reasoning,2.181e-05
3,hidden_variable_identification,graph_patterns,36,answer,answer,0.00034622
3,hidden_variable_identification,graph_patterns,36,answer,causal,0.00011437
3,hidden_variable_identification,graph_patterns,36,answer,uncertainty,3.211e-05
3,hidden_variable_identification,graph_patterns,36,answer,contrast,8.62e-06
4,model_abstraction_and_breakdown,graph_graph,6,thinking,reasoning,0.00022411
4,model_abstraction_and_breakdown,graph_graph,6,thinking,answer,0.00018549
4,model_abstraction_and_breakdown,graph_graph,6,thinking,causal,0.00017234
4,model_abstraction_and_breakdown,graph_graph,6,thinking,uncertainty,0.00016396
4,model_abstraction_and_breakdown,graph_graph,6,thinking,contrast,0.00016951
4,model_abstraction_and_breakdown,graph_graph,6,answer,reasoning,0.00020176
4,model_abstraction_and_breakdown,graph_graph,6,answer,answer,0.00016109
4,model_abstraction_and_breakdown,graph_graph,6,answer,causal,0.00016759
4,model_abstraction_and_breakdown,graph_graph,6,answer,uncertainty,0.000157
4,model_abstraction_and_breakdown,graph_graph,6,answer,contrast,0.0001641
4,model_abstraction_and_breakdown,graph_graph,7,thinking,reasoning,5e-08
4,model_abstraction_and_breakdown,graph_graph,7,thinking,answer,1e-08
4,model_abstraction_and_breakdown,graph_graph,7,thinking,causal,1.2e-07
4,model_abstraction_and_breakdown,graph_graph,7,thinking,uncertainty,1e-07
4,model_abstraction_and_breakdown,graph_graph,7,thinking,contrast,1.3e-06
4,model_abstraction_and_breakdown,graph_graph,7,answer,reasoning,0.00019264
4,model_abstraction_and_breakdown,graph_graph,7,answer,answer,0.00015472
4,model_abstraction_and_breakdown,graph_graph,7,answer,causal,0.00016599
4,model_abstraction_and_breakdown,graph_graph,7,answer,uncertainty,0.00014798
4,model_abstraction_and_breakdown,graph_graph,7,answer,contrast,0.00016109
4,model_abstraction_and_breakdown,graph_graph,8,thinking,reasoning,5e-08
4,model_abstraction_and_breakdown,graph_graph,8,thinking,answer,1e-08
4,model_abstraction_and_breakdown,graph_graph,8,thinking,causal,1.3e-07
4,model_abstraction_and_breakdown,graph_graph,8,thinking,uncertainty,1e-07
4,model_abstraction_and_breakdown,graph_graph,8,thinking,contrast,1.62e-06
4,model_abstraction_and_breakdown,graph_graph,8,answer,reasoning,0.00017605
4,model_abstraction_and_breakdown,graph_graph,8,answer,answer,0.00016266
4,model_abstraction_and_breakdown,graph_graph,8,answer,causal,0.00017332
4,model_abstraction_and_breakdown,graph_graph,8,answer,uncertainty,0.00015871
4,model_abstraction_and_breakdown,graph_graph,8,answer,contrast,0.00016013
4,model_abstraction_and_breakdown,graph_graph,9,thinking,reasoning,6e-08
4,model_abstraction_and_breakdown,graph_graph,9,thinking,answer,1e-08
4,model_abstraction_and_breakdown,graph_graph,9,thinking,causal,1.4e-07
4,model_abstraction_and_breakdown,graph_graph,9,thinking,uncertainty,9e-08
4,model_abstraction_and_breakdown,graph_graph,9,thinking,contrast,1.74e-06
4,model_abstraction_and_breakdown,graph_graph,9,answer,reasoning,0.00016938
4,model_abstraction_and_breakdown,graph_graph,9,answer,answer,0.0001483
4,model_abstraction_and_breakdown,graph_graph,9,answer,causal,0.00017334
4,model_abstraction_and_breakdown,graph_graph,9,answer,uncertainty,0.00015765
4,model_abstraction_and_breakdown,graph_graph,9,answer,contrast,0.00014266
4,model_abstraction_and_breakdown,graph_graph,10,thinking,reasoning,6e-08
4,model_abstraction_and_breakdown,graph_graph,10,thinking,answer,1e-08
4,model_abstraction_and_breakdown,graph_graph,10,thinking,causal,1.5e-07
4,model_abstraction_and_breakdown,graph_graph,10,thinking,uncertainty,1e-07
4,model_abstraction_and_breakdown,graph_graph,10,thinking,contrast,1.88e-06
4,model_abstraction_and_breakdown,graph_graph,10,answer,reasoning,0.00015618
4,model_abstraction_and_breakdown,graph_graph,10,answer,answer,0.00015781
4,model_abstraction_and_breakdown,graph_graph,10,answer,causal,0.00018868
4,model_abstraction_and_breakdown,graph_graph,10,answer,uncertainty,0.00015941
4,model_abstraction_and_breakdown,graph_graph,10,answer,contrast,0.00012241
4,model_abstraction_and_breakdown,graph_graph,35,thinking,reasoning,0.0
4,model_abstraction_and_breakdown,graph_graph,35,thinking,answer,0.0
4,model_abstraction_and_breakdown,graph_graph,35,thinking,causal,0.0
4,model_abstraction_and_breakdown,graph_graph,35,thinking,uncertainty,0.0
4,model_abstraction_and_breakdown,graph_graph,35,thinking,contrast,0.0
4,model_abstraction_and_breakdown,graph_graph,35,answer,reasoning,0.0
4,model_abstraction_and_breakdown,graph_graph,35,answer,answer,0.0
4,model_abstraction_and_breakdown,graph_graph,35,answer,causal,0.0
4,model_abstraction_and_breakdown,graph_graph,35,answer,uncertainty,0.0
4,model_abstraction_and_breakdown,graph_graph,35,answer,contrast,0.0
4,model_abstraction_and_breakdown,graph_graph,36,thinking,reasoning,0.00021743
4,model_abstraction_and_breakdown,graph_graph,36,thinking,answer,0.00016975
4,model_abstraction_and_breakdown,graph_graph,36,thinking,causal,4.9e-06
4,model_abstraction_and_breakdown,graph_graph,36,thinking,uncertainty,2.775e-05
4,model_abstraction_and_breakdown,graph_graph,36,thinking,contrast,9.761e-05
4,model_abstraction_and_breakdown,graph_graph,36,answer,reasoning,9e-07
4,model_abstraction_and_breakdown,graph_graph,36,answer,answer,7.039e-05
4,model_abstraction_and_breakdown,graph_graph,36,answer,causal,1.933e-05
4,model_abstraction_and_breakdown,graph_graph,36,answer,uncertainty,4e-06
4,model_abstraction_and_breakdown,graph_graph,36,answer,contrast,8.1e-07
5,tradeoff_and_non_monotonicity,graph_graph,6,thinking,reasoning,0.0002446
5,tradeoff_and_non_monotonicity,graph_graph,6,thinking,answer,0.0002072
5,tradeoff_and_non_monotonicity,graph_graph,6,thinking,causal,0.00019301
5,tradeoff_and_non_monotonicity,graph_graph,6,thinking,uncertainty,0.0001589
5,tradeoff_and_non_monotonicity,graph_graph,6,thinking,contrast,0.00016791
5,tradeoff_and_non_monotonicity,graph_graph,6,answer,reasoning,0.00019748
5,tradeoff_and_non_monotonicity,graph_graph,6,answer,answer,0.00015368
5,tradeoff_and_non_monotonicity,graph_graph,6,answer,causal,0.00017956
5,tradeoff_and_non_monotonicity,graph_graph,6,answer,uncertainty,0.00015743
5,tradeoff_and_non_monotonicity,graph_graph,6,answer,contrast,0.00014354
5,tradeoff_and_non_monotonicity,graph_graph,7,thinking,reasoning,5e-08
5,tradeoff_and_non_monotonicity,graph_graph,7,thinking,answer,1e-08
5,tradeoff_and_non_monotonicity,graph_graph,7,thinking,causal,1e-07
5,tradeoff_and_non_monotonicity,graph_graph,7,thinking,uncertainty,9e-08
5,tradeoff_and_non_monotonicity,graph_graph,7,thinking,contrast,1.19e-06
5,tradeoff_and_non_monotonicity,graph_graph,7,answer,reasoning,0.00018957
5,tradeoff_and_non_monotonicity,graph_graph,7,answer,answer,0.0001464
5,tradeoff_and_non_monotonicity,graph_graph,7,answer,causal,0.00017693
5,tradeoff_and_non_monotonicity,graph_graph,7,answer,uncertainty,0.00014684
5,tradeoff_and_non_monotonicity,graph_graph,7,answer,contrast,0.00013702
5,tradeoff_and_non_monotonicity,graph_graph,8,thinking,reasoning,4e-08
5,tradeoff_and_non_monotonicity,graph_graph,8,thinking,answer,1e-08
5,tradeoff_and_non_monotonicity,graph_graph,8,thinking,causal,1.1e-07
5,tradeoff_and_non_monotonicity,graph_graph,8,thinking,uncertainty,8e-08
5,tradeoff_and_non_monotonicity,graph_graph,8,thinking,contrast,1.36e-06
5,tradeoff_and_non_monotonicity,graph_graph,8,answer,reasoning,0.00017085
5,tradeoff_and_non_monotonicity,graph_graph,8,answer,answer,0.00014857
5,tradeoff_and_non_monotonicity,graph_graph,8,answer,causal,0.0001774
5,tradeoff_and_non_monotonicity,graph_graph,8,answer,uncertainty,0.00014671
5,tradeoff_and_non_monotonicity,graph_graph,8,answer,contrast,0.00013052
5,tradeoff_and_non_monotonicity,graph_graph,9,thinking,reasoning,5e-08
5,tradeoff_and_non_monotonicity,graph_graph,9,thinking,answer,1e-08
5,tradeoff_and_non_monotonicity,graph_graph,9,thinking,causal,1e-07
5,tradeoff_and_non_monotonicity,graph_graph,9,thinking,uncertainty,9e-08
5,tradeoff_and_non_monotonicity,graph_graph,9,thinking,contrast,1.42e-06
5,tradeoff_and_non_monotonicity,graph_graph,9,answer,reasoning,0.00016663
5,tradeoff_and_non_monotonicity,graph_graph,9,answer,answer,0.00014399
5,tradeoff_and_non_monotonicity,graph_graph,9,answer,causal,0.00018307
5,tradeoff_and_non_monotonicity,graph_graph,9,answer,uncertainty,0.00014785
5,tradeoff_and_non_monotonicity,graph_graph,9,answer,contrast,0.00011961
5,tradeoff_and_non_monotonicity,graph_graph,10,thinking,reasoning,5e-08
5,tradeoff_and_non_monotonicity,graph_graph,10,thinking,answer,1e-08
5,tradeoff_and_non_monotonicity,graph_graph,10,thinking,causal,1.2e-07
5,tradeoff_and_non_monotonicity,graph_graph,10,thinking,uncertainty,1e-07
5,tradeoff_and_non_monotonicity,graph_graph,10,thinking,contrast,1.49e-06
5,tradeoff_and_non_monotonicity,graph_graph,10,answer,reasoning,0.00014609
5,tradeoff_and_non_monotonicity,graph_graph,10,answer,answer,0.00015244
5,tradeoff_and_non_monotonicity,graph_graph,10,answer,causal,0.00019598
5,tradeoff_and_non_monotonicity,graph_graph,10,answer,uncertainty,0.00015026
5,tradeoff_and_non_monotonicity,graph_graph,10,answer,contrast,0.00011575
5,tradeoff_and_non_monotonicity,graph_graph,35,thinking,reasoning,0.0
5,tradeoff_and_non_monotonicity,graph_graph,35,thinking,answer,0.0
5,tradeoff_and_non_monotonicity,graph_graph,35,thinking,causal,0.0
5,tradeoff_and_non_monotonicity,graph_graph,35,thinking,uncertainty,0.0
5,tradeoff_and_non_monotonicity,graph_graph,35,thinking,contrast,0.0
5,tradeoff_and_non_monotonicity,graph_graph,35,answer,reasoning,0.0
5,tradeoff_and_non_monotonicity,graph_graph,35,answer,answer,0.0
5,tradeoff_and_non_monotonicity,graph_graph,35,answer,causal,0.0
5,tradeoff_and_non_monotonicity,graph_graph,35,answer,uncertainty,0.0
5,tradeoff_and_non_monotonicity,graph_graph,35,answer,contrast,0.0
5,tradeoff_and_non_monotonicity,graph_graph,36,thinking,reasoning,0.00091395
5,tradeoff_and_non_monotonicity,graph_graph,36,thinking,answer,8.821e-05
5,tradeoff_and_non_monotonicity,graph_graph,36,thinking,causal,3.8e-06
5,tradeoff_and_non_monotonicity,graph_graph,36,thinking,uncertainty,8.443e-05
5,tradeoff_and_non_monotonicity,graph_graph,36,thinking,contrast,0.0003517
5,tradeoff_and_non_monotonicity,graph_graph,36,answer,reasoning,6.54e-06
5,tradeoff_and_non_monotonicity,graph_graph,36,answer,answer,0.00014182
5,tradeoff_and_non_monotonicity,graph_graph,36,answer,causal,0.0001572
5,tradeoff_and_non_monotonicity,graph_graph,36,answer,uncertainty,3.324e-05
5,tradeoff_and_non_monotonicity,graph_graph,36,answer,contrast,5.17e-06
6,tradeoff_and_non_monotonicity,qwen_thinking,6,thinking,reasoning,0.00025034
6,tradeoff_and_non_monotonicity,qwen_thinking,6,thinking,answer,0.00021745
6,tradeoff_and_non_monotonicity,qwen_thinking,6,thinking,causal,0.00020732
6,tradeoff_and_non_monotonicity,qwen_thinking,6,thinking,uncertainty,0.00016843
6,tradeoff_and_non_monotonicity,qwen_thinking,6,thinking,contrast,0.00017513
6,tradeoff_and_non_monotonicity,qwen_thinking,6,answer,reasoning,0.00023198
6,tradeoff_and_non_monotonicity,qwen_thinking,6,answer,answer,0.00019215
6,tradeoff_and_non_monotonicity,qwen_thinking,6,answer,causal,0.0001922
6,tradeoff_and_non_monotonicity,qwen_thinking,6,answer,uncertainty,0.00017424
6,tradeoff_and_non_monotonicity,qwen_thinking,6,answer,contrast,0.00014324
6,tradeoff_and_non_monotonicity,qwen_thinking,7,thinking,reasoning,6e-08
6,tradeoff_and_non_monotonicity,qwen_thinking,7,thinking,answer,1e-08
6,tradeoff_and_non_monotonicity,qwen_thinking,7,thinking,causal,1.5e-07
6,tradeoff_and_non_monotonicity,qwen_thinking,7,thinking,uncertainty,8e-08
6,tradeoff_and_non_monotonicity,qwen_thinking,7,thinking,contrast,1.21e-06
6,tradeoff_and_non_monotonicity,qwen_thinking,7,answer,reasoning,0.00022836
6,tradeoff_and_non_monotonicity,qwen_thinking,7,answer,answer,0.00018209
6,tradeoff_and_non_monotonicity,qwen_thinking,7,answer,causal,0.00020275
6,tradeoff_and_non_monotonicity,qwen_thinking,7,answer,uncertainty,0.00016975
6,tradeoff_and_non_monotonicity,qwen_thinking,7,answer,contrast,0.0001356
6,tradeoff_and_non_monotonicity,qwen_thinking,8,thinking,reasoning,6e-08
6,tradeoff_and_non_monotonicity,qwen_thinking,8,thinking,answer,1e-08
6,tradeoff_and_non_monotonicity,qwen_thinking,8,thinking,causal,2e-07
6,tradeoff_and_non_monotonicity,qwen_thinking,8,thinking,uncertainty,8e-08
6,tradeoff_and_non_monotonicity,qwen_thinking,8,thinking,contrast,1.49e-06
6,tradeoff_and_non_monotonicity,qwen_thinking,8,answer,reasoning,0.00020594
6,tradeoff_and_non_monotonicity,qwen_thinking,8,answer,answer,0.00018263
6,tradeoff_and_non_monotonicity,qwen_thinking,8,answer,causal,0.00021153
6,tradeoff_and_non_monotonicity,qwen_thinking,8,answer,uncertainty,0.00018384
6,tradeoff_and_non_monotonicity,qwen_thinking,8,answer,contrast,0.00013197
6,tradeoff_and_non_monotonicity,qwen_thinking,9,thinking,reasoning,6e-08
6,tradeoff_and_non_monotonicity,qwen_thinking,9,thinking,answer,1e-08
6,tradeoff_and_non_monotonicity,qwen_thinking,9,thinking,causal,2e-07
6,tradeoff_and_non_monotonicity,qwen_thinking,9,thinking,uncertainty,7e-08
6,tradeoff_and_non_monotonicity,qwen_thinking,9,thinking,contrast,1.27e-06
6,tradeoff_and_non_monotonicity,qwen_thinking,9,answer,reasoning,0.0001878
6,tradeoff_and_non_monotonicity,qwen_thinking,9,answer,answer,0.00015977
6,tradeoff_and_non_monotonicity,qwen_thinking,9,answer,causal,0.00021356
6,tradeoff_and_non_monotonicity,qwen_thinking,9,answer,uncertainty,0.00017123
6,tradeoff_and_non_monotonicity,qwen_thinking,9,answer,contrast,0.00011483
6,tradeoff_and_non_monotonicity,qwen_thinking,10,thinking,reasoning,6e-08
6,tradeoff_and_non_monotonicity,qwen_thinking,10,thinking,answer,1e-08
6,tradeoff_and_non_monotonicity,qwen_thinking,10,thinking,causal,1.6e-07
6,tradeoff_and_non_monotonicity,qwen_thinking,10,thinking,uncertainty,7e-08
6,tradeoff_and_non_monotonicity,qwen_thinking,10,thinking,contrast,1.43e-06
6,tradeoff_and_non_monotonicity,qwen_thinking,10,answer,reasoning,0.00017716
6,tradeoff_and_non_monotonicity,qwen_thinking,10,answer,answer,0.00016573
6,tradeoff_and_non_monotonicity,qwen_thinking,10,answer,causal,0.00021232
6,tradeoff_and_non_monotonicity,qwen_thinking,10,answer,uncertainty,0.00018859
6,tradeoff_and_non_monotonicity,qwen_thinking,10,answer,contrast,0.00011034
6,tradeoff_and_non_monotonicity,qwen_thinking,35,thinking,reasoning,0.0
6,tradeoff_and_non_monotonicity,qwen_thinking,35,thinking,answer,0.0
6,tradeoff_and_non_monotonicity,qwen_thinking,35,thinking,causal,0.0
6,tradeoff_and_non_monotonicity,qwen_thinking,35,thinking,uncertainty,0.0
6,tradeoff_and_non_monotonicity,qwen_thinking,35,thinking,contrast,0.0
6,tradeoff_and_non_monotonicity,qwen_thinking,35,answer,reasoning,0.0
6,tradeoff_and_non_monotonicity,qwen_thinking,35,answer,answer,0.0
6,tradeoff_and_non_monotonicity,qwen_thinking,35,answer,causal,0.0
6,tradeoff_and_non_monotonicity,qwen_thinking,35,answer,uncertainty,0.0
6,tradeoff_and_non_monotonicity,qwen_thinking,35,answer,contrast,0.0
6,tradeoff_and_non_monotonicity,qwen_thinking,36,thinking,reasoning,0.00011141
6,tradeoff_and_non_monotonicity,qwen_thinking,36,thinking,answer,2.279e-05
6,tradeoff_and_non_monotonicity,qwen_thinking,36,thinking,causal,7.87e-06
6,tradeoff_and_non_monotonicity,qwen_thinking,36,thinking,uncertainty,1.161e-05
6,tradeoff_and_non_monotonicity,qwen_thinking,36,thinking,contrast,7.38e-05
6,tradeoff_and_non_monotonicity,qwen_thinking,36,answer,reasoning,3.13e-06
6,tradeoff_and_non_monotonicity,qwen_thinking,36,answer,answer,8.541e-05
6,tradeoff_and_non_monotonicity,qwen_thinking,36,answer,causal,6e-06
6,tradeoff_and_non_monotonicity,qwen_thinking,36,answer,uncertainty,4.441e-05
6,tradeoff_and_non_monotonicity,qwen_thinking,36,answer,contrast,2.74e-06
7,model_abstraction_and_breakdown,graph_answer,6,thinking,reasoning,0.0002181
7,model_abstraction_and_breakdown,graph_answer,6,thinking,answer,0.00018304
7,model_abstraction_and_breakdown,graph_answer,6,thinking,causal,0.00017775
7,model_abstraction_and_breakdown,graph_answer,6,thinking,uncertainty,0.00014623
7,model_abstraction_and_breakdown,graph_answer,6,thinking,contrast,0.0001651
7,model_abstraction_and_breakdown,graph_answer,6,answer,reasoning,0.00019232
7,model_abstraction_and_breakdown,graph_answer,6,answer,answer,0.00015803
7,model_abstraction_and_breakdown,graph_answer,6,answer,causal,0.00017478
7,model_abstraction_and_breakdown,graph_answer,6,answer,uncertainty,0.00014893
7,model_abstraction_and_breakdown,graph_answer,6,answer,contrast,0.00015601
7,model_abstraction_and_breakdown,graph_answer,7,thinking,reasoning,5e-08
7,model_abstraction_and_breakdown,graph_answer,7,thinking,answer,1e-08
7,model_abstraction_and_breakdown,graph_answer,7,thinking,causal,1e-07
7,model_abstraction_and_breakdown,graph_answer,7,thinking,uncertainty,9e-08
7,model_abstraction_and_breakdown,graph_answer,7,thinking,contrast,1.43e-06
7,model_abstraction_and_breakdown,graph_answer,7,answer,reasoning,0.00019531
7,model_abstraction_and_breakdown,graph_answer,7,answer,answer,0.00015506
7,model_abstraction_and_breakdown,graph_answer,7,answer,causal,0.00017518
7,model_abstraction_and_breakdown,graph_answer,7,answer,uncertainty,0.00014296
7,model_abstraction_and_breakdown,graph_answer,7,answer,contrast,0.00016126
7,model_abstraction_and_breakdown,graph_answer,8,thinking,reasoning,3e-08
7,model_abstraction_and_breakdown,graph_answer,8,thinking,answer,0.0
7,model_abstraction_and_breakdown,graph_answer,8,thinking,causal,9e-08
7,model_abstraction_and_breakdown,graph_answer,8,thinking,uncertainty,7e-08
7,model_abstraction_and_breakdown,graph_answer,8,thinking,contrast,1.61e-06
7,model_abstraction_and_breakdown,graph_answer,8,answer,reasoning,0.00016212
7,model_abstraction_and_breakdown,graph_answer,8,answer,answer,0.0001552
7,model_abstraction_and_breakdown,graph_answer,8,answer,causal,0.00017267
7,model_abstraction_and_breakdown,graph_answer,8,answer,uncertainty,0.00013883
7,model_abstraction_and_breakdown,graph_answer,8,answer,contrast,0.00015233
7,model_abstraction_and_breakdown,graph_answer,9,thinking,reasoning,3e-08
7,model_abstraction_and_breakdown,graph_answer,9,thinking,answer,1e-08
7,model_abstraction_and_breakdown,graph_answer,9,thinking,causal,1e-07
7,model_abstraction_and_breakdown,graph_answer,9,thinking,uncertainty,6e-08
7,model_abstraction_and_breakdown,graph_answer,9,thinking,contrast,1.63e-06
7,model_abstraction_and_breakdown,graph_answer,9,answer,reasoning,0.00014738
7,model_abstraction_and_breakdown,graph_answer,9,answer,answer,0.0001396
7,model_abstraction_and_breakdown,graph_answer,9,answer,causal,0.00018008
7,model_abstraction_and_breakdown,graph_answer,9,answer,uncertainty,0.00012724
7,model_abstraction_and_breakdown,graph_answer,9,answer,contrast,0.000144
7,model_abstraction_and_breakdown,graph_answer,10,thinking,reasoning,4e-08
7,model_abstraction_and_breakdown,graph_answer,10,thinking,answer,0.0
7,model_abstraction_and_breakdown,graph_answer,10,thinking,causal,1e-07
7,model_abstraction_and_breakdown,graph_answer,10,thinking,uncertainty,7e-08
7,model_abstraction_and_breakdown,graph_answer,10,thinking,contrast,2.12e-06
7,model_abstraction_and_breakdown,graph_answer,10,answer,reasoning,0.00015015
7,model_abstraction_and_breakdown,graph_answer,10,answer,answer,0.00015013
7,model_abstraction_and_breakdown,graph_answer,10,answer,causal,0.00019186
7,model_abstraction_and_breakdown,graph_answer,10,answer,uncertainty,0.00013554
7,model_abstraction_and_breakdown,graph_answer,10,answer,contrast,0.00013224
7,model_abstraction_and_breakdown,graph_answer,35,thinking,reasoning,0.0
7,model_abstraction_and_breakdown,graph_answer,35,thinking,answer,0.0
7,model_abstraction_and_breakdown,graph_answer,35,thinking,causal,0.0
7,model_abstraction_and_breakdown,graph_answer,35,thinking,uncertainty,0.0
7,model_abstraction_and_breakdown,graph_answer,35,thinking,contrast,0.0
7,model_abstraction_and_breakdown,graph_answer,35,answer,reasoning,0.0
7,model_abstraction_and_breakdown,graph_answer,35,answer,answer,0.0
7,model_abstraction_and_breakdown,graph_answer,35,answer,causal,0.0
7,model_abstraction_and_breakdown,graph_answer,35,answer,uncertainty,0.0
7,model_abstraction_and_breakdown,graph_answer,35,answer,contrast,0.0
7,model_abstraction_and_breakdown,graph_answer,36,thinking,reasoning,0.00093532
7,model_abstraction_and_breakdown,graph_answer,36,thinking,answer,1.494e-05
7,model_abstraction_and_breakdown,graph_answer,36,thinking,causal,1.14e-05
7,model_abstraction_and_breakdown,graph_answer,36,thinking,uncertainty,1.387e-05
7,model_abstraction_and_breakdown,graph_answer,36,thinking,contrast,0.00016543
7,model_abstraction_and_breakdown,graph_answer,36,answer,reasoning,4.91e-06
7,model_abstraction_and_breakdown,graph_answer,36,answer,answer,0.0001629
7,model_abstraction_and_breakdown,graph_answer,36,answer,causal,0.00031236
7,model_abstraction_and_breakdown,graph_answer,36,answer,uncertainty,4.29e-06
7,model_abstraction_and_breakdown,graph_answer,36,answer,contrast,4.08e-06
8,tradeoff_and_non_monotonicity,graph_graph,6,thinking,reasoning,0.00023621
8,tradeoff_and_non_monotonicity,graph_graph,6,thinking,answer,0.00020734
8,tradeoff_and_non_monotonicity,graph_graph,6,thinking,causal,0.00018725
8,tradeoff_and_non_monotonicity,graph_graph,6,thinking,uncertainty,0.00015641
8,tradeoff_and_non_monotonicity,graph_graph,6,thinking,contrast,0.00017175
8,tradeoff_and_non_monotonicity,graph_graph,6,answer,reasoning,0.00019602
8,tradeoff_and_non_monotonicity,graph_graph,6,answer,answer,0.00014405
8,tradeoff_and_non_monotonicity,graph_graph,6,answer,causal,0.00018111
8,tradeoff_and_non_monotonicity,graph_graph,6,answer,uncertainty,0.00015093
8,tradeoff_and_non_monotonicity,graph_graph,6,answer,contrast,0.00014058
8,tradeoff_and_non_monotonicity,graph_graph,7,thinking,reasoning,5e-08
8,tradeoff_and_non_monotonicity,graph_graph,7,thinking,answer,1e-08
8,tradeoff_and_non_monotonicity,graph_graph,7,thinking,causal,1.3e-07
8,tradeoff_and_non_monotonicity,graph_graph,7,thinking,uncertainty,8e-08
8,tradeoff_and_non_monotonicity,graph_graph,7,thinking,contrast,1.3e-06
8,tradeoff_and_non_monotonicity,graph_graph,7,answer,reasoning,0.00019106
8,tradeoff_and_non_monotonicity,graph_graph,7,answer,answer,0.00014335
8,tradeoff_and_non_monotonicity,graph_graph,7,answer,causal,0.00018374
8,tradeoff_and_non_monotonicity,graph_graph,7,answer,uncertainty,0.00015109
8,tradeoff_and_non_monotonicity,graph_graph,7,answer,contrast,0.00013662
8,tradeoff_and_non_monotonicity,graph_graph,8,thinking,reasoning,4e-08
8,tradeoff_and_non_monotonicity,graph_graph,8,thinking,answer,1e-08
8,tradeoff_and_non_monotonicity,graph_graph,8,thinking,causal,1.5e-07
8,tradeoff_and_non_monotonicity,graph_graph,8,thinking,uncertainty,7e-08
8,tradeoff_and_non_monotonicity,graph_graph,8,thinking,contrast,1.45e-06
8,tradeoff_and_non_monotonicity,graph_graph,8,answer,reasoning,0.00017607
8,tradeoff_and_non_monotonicity,graph_graph,8,answer,answer,0.00014286
8,tradeoff_and_non_monotonicity,graph_graph,8,answer,causal,0.00018932
8,tradeoff_and_non_monotonicity,graph_graph,8,answer,uncertainty,0.00015761
8,tradeoff_and_non_monotonicity,graph_graph,8,answer,contrast,0.00013089
8,tradeoff_and_non_monotonicity,graph_graph,9,thinking,reasoning,5e-08
8,tradeoff_and_non_monotonicity,graph_graph,9,thinking,answer,1e-08
8,tradeoff_and_non_monotonicity,graph_graph,9,thinking,causal,1.7e-07
8,tradeoff_and_non_monotonicity,graph_graph,9,thinking,uncertainty,8e-08
8,tradeoff_and_non_monotonicity,graph_graph,9,thinking,contrast,1.52e-06
8,tradeoff_and_non_monotonicity,graph_graph,9,answer,reasoning,0.00017171
8,tradeoff_and_non_monotonicity,graph_graph,9,answer,answer,0.00012706
8,tradeoff_and_non_monotonicity,graph_graph,9,answer,causal,0.0001967
8,tradeoff_and_non_monotonicity,graph_graph,9,answer,uncertainty,0.0001623
8,tradeoff_and_non_monotonicity,graph_graph,9,answer,contrast,0.0001174
8,tradeoff_and_non_monotonicity,graph_graph,10,thinking,reasoning,5e-08
8,tradeoff_and_non_monotonicity,graph_graph,10,thinking,answer,1e-08
8,tradeoff_and_non_monotonicity,graph_graph,10,thinking,causal,1.6e-07
8,tradeoff_and_non_monotonicity,graph_graph,10,thinking,uncertainty,8e-08
8,tradeoff_and_non_monotonicity,graph_graph,10,thinking,contrast,1.82e-06
8,tradeoff_and_non_monotonicity,graph_graph,10,answer,reasoning,0.00015115
8,tradeoff_and_non_monotonicity,graph_graph,10,answer,answer,0.000136
8,tradeoff_and_non_monotonicity,graph_graph,10,answer,causal,0.00021661
8,tradeoff_and_non_monotonicity,graph_graph,10,answer,uncertainty,0.00016125
8,tradeoff_and_non_monotonicity,graph_graph,10,answer,contrast,0.00011173
8,tradeoff_and_non_monotonicity,graph_graph,35,thinking,reasoning,0.0
8,tradeoff_and_non_monotonicity,graph_graph,35,thinking,answer,0.0
8,tradeoff_and_non_monotonicity,graph_graph,35,thinking,causal,0.0
8,tradeoff_and_non_monotonicity,graph_graph,35,thinking,uncertainty,0.0
8,tradeoff_and_non_monotonicity,graph_graph,35,thinking,contrast,0.0
8,tradeoff_and_non_monotonicity,graph_graph,35,answer,reasoning,0.0
8,tradeoff_and_non_monotonicity,graph_graph,35,answer,answer,0.0
8,tradeoff_and_non_monotonicity,graph_graph,35,answer,causal,0.0
8,tradeoff_and_non_monotonicity,graph_graph,35,answer,uncertainty,0.0
8,tradeoff_and_non_monotonicity,graph_graph,35,answer,contrast,0.0
8,tradeoff_and_non_monotonicity,graph_graph,36,thinking,reasoning,0.00016478
8,tradeoff_and_non_monotonicity,graph_graph,36,thinking,answer,3.734e-05
8,tradeoff_and_non_monotonicity,graph_graph,36,thinking,causal,1.264e-05
8,tradeoff_and_non_monotonicity,graph_graph,36,thinking,uncertainty,1.537e-05
8,tradeoff_and_non_monotonicity,graph_graph,36,thinking,contrast,6.323e-05
8,tradeoff_and_non_monotonicity,graph_graph,36,answer,reasoning,8e-06
8,tradeoff_and_non_monotonicity,graph_graph,36,answer,answer,0.00023648
8,tradeoff_and_non_monotonicity,graph_graph,36,answer,causal,0.00095257
8,tradeoff_and_non_monotonicity,graph_graph,36,answer,uncertainty,1.282e-05
8,tradeoff_and_non_monotonicity,graph_graph,36,answer,contrast,7.53e-06
9,model_abstraction_and_breakdown,graph_answer,6,thinking,reasoning,0.00024288
9,model_abstraction_and_breakdown,graph_answer,6,thinking,answer,0.00019474
9,model_abstraction_and_breakdown,graph_answer,6,thinking,causal,0.00020425
9,model_abstraction_and_breakdown,graph_answer,6,thinking,uncertainty,0.00016724
9,model_abstraction_and_breakdown,graph_answer,6,thinking,contrast,0.00017373
9,model_abstraction_and_breakdown,graph_answer,6,answer,reasoning,0.00021567
9,model_abstraction_and_breakdown,graph_answer,6,answer,answer,0.00018395
9,model_abstraction_and_breakdown,graph_answer,6,answer,causal,0.00019241
9,model_abstraction_and_breakdown,graph_answer,6,answer,uncertainty,0.00017005
9,model_abstraction_and_breakdown,graph_answer,6,answer,contrast,0.00017458
9,model_abstraction_and_breakdown,graph_answer,7,thinking,reasoning,7e-08
9,model_abstraction_and_breakdown,graph_answer,7,thinking,answer,1e-08
9,model_abstraction_and_breakdown,graph_answer,7,thinking,causal,1.6e-07
9,model_abstraction_and_breakdown,graph_answer,7,thinking,uncertainty,9e-08
9,model_abstraction_and_breakdown,graph_answer,7,thinking,contrast,1.56e-06
9,model_abstraction_and_breakdown,graph_answer,7,answer,reasoning,0.00021676
9,model_abstraction_and_breakdown,graph_answer,7,answer,answer,0.00018027
9,model_abstraction_and_breakdown,graph_answer,7,answer,causal,0.00020022
9,model_abstraction_and_breakdown,graph_answer,7,answer,uncertainty,0.00016015
9,model_abstraction_and_breakdown,graph_answer,7,answer,contrast,0.00017187
9,model_abstraction_and_breakdown,graph_answer,8,thinking,reasoning,6e-08
9,model_abstraction_and_breakdown,graph_answer,8,thinking,answer,1e-08
9,model_abstraction_and_breakdown,graph_answer,8,thinking,causal,1.7e-07
9,model_abstraction_and_breakdown,graph_answer,8,thinking,uncertainty,9e-08
9,model_abstraction_and_breakdown,graph_answer,8,thinking,contrast,1.79e-06
9,model_abstraction_and_breakdown,graph_answer,8,answer,reasoning,0.0001819
9,model_abstraction_and_breakdown,graph_answer,8,answer,answer,0.00017469
9,model_abstraction_and_breakdown,graph_answer,8,answer,causal,0.00020417
9,model_abstraction_and_breakdown,graph_answer,8,answer,uncertainty,0.00015845
9,model_abstraction_and_breakdown,graph_answer,8,answer,contrast,0.00015347
9,model_abstraction_and_breakdown,graph_answer,9,thinking,reasoning,7e-08
9,model_abstraction_and_breakdown,graph_answer,9,thinking,answer,1e-08
9,model_abstraction_and_breakdown,graph_answer,9,thinking,causal,2.3e-07
9,model_abstraction_and_breakdown,graph_answer,9,thinking,uncertainty,9e-08
9,model_abstraction_and_breakdown,graph_answer,9,thinking,contrast,2.07e-06
9,model_abstraction_and_breakdown,graph_answer,9,answer,reasoning,0.00016977
9,model_abstraction_and_breakdown,graph_answer,9,answer,answer,0.00016822
9,model_abstraction_and_breakdown,graph_answer,9,answer,causal,0.00021535
9,model_abstraction_and_breakdown,graph_answer,9,answer,uncertainty,0.00015799
9,model_abstraction_and_breakdown,graph_answer,9,answer,contrast,0.00014622
9,model_abstraction_and_breakdown,graph_answer,10,thinking,reasoning,6e-08
9,model_abstraction_and_breakdown,graph_answer,10,thinking,answer,1e-08
9,model_abstraction_and_breakdown,graph_answer,10,thinking,causal,1.9e-07
9,model_abstraction_and_breakdown,graph_answer,10,thinking,uncertainty,7e-08
9,model_abstraction_and_breakdown,graph_answer,10,thinking,contrast,1.78e-06
9,model_abstraction_and_breakdown,graph_answer,10,answer,reasoning,0.00016797
9,model_abstraction_and_breakdown,graph_answer,10,answer,answer,0.00016435
9,model_abstraction_and_breakdown,graph_answer,10,answer,causal,0.00021617
9,model_abstraction_and_breakdown,graph_answer,10,answer,uncertainty,0.0001673
9,model_abstraction_and_breakdown,graph_answer,10,answer,contrast,0.00014379
9,model_abstraction_and_breakdown,graph_answer,35,thinking,reasoning,0.0
9,model_abstraction_and_breakdown,graph_answer,35,thinking,answer,0.0
9,model_abstraction_and_breakdown,graph_answer,35,thinking,causal,0.0
9,model_abstraction_and_breakdown,graph_answer,35,thinking,uncertainty,0.0
9,model_abstraction_and_breakdown,graph_answer,35,thinking,contrast,0.0
9,model_abstraction_and_breakdown,graph_answer,35,answer,reasoning,0.0
9,model_abstraction_and_breakdown,graph_answer,35,answer,answer,0.0
9,model_abstraction_and_breakdown,graph_answer,35,answer,causal,0.0
9,model_abstraction_and_breakdown,graph_answer,35,answer,uncertainty,0.0
9,model_abstraction_and_breakdown,graph_answer,35,answer,contrast,0.0
9,model_abstraction_and_breakdown,graph_answer,36,thinking,reasoning,0.00023589
9,model_abstraction_and_breakdown,graph_answer,36,thinking,answer,2.976e-05
9,model_abstraction_and_breakdown,graph_answer,36,thinking,causal,5.11e-06
9,model_abstraction_and_breakdown,graph_answer,36,thinking,uncertainty,1.555e-05
9,model_abstraction_and_breakdown,graph_answer,36,thinking,contrast,0.00011912
9,model_abstraction_and_breakdown,graph_answer,36,answer,reasoning,1.04e-06
9,model_abstraction_and_breakdown,graph_answer,36,answer,answer,1.12e-05
9,model_abstraction_and_breakdown,graph_answer,36,answer,causal,6.29e-06
9,model_abstraction_and_breakdown,graph_answer,36,answer,uncertainty,1.49e-06
9,model_abstraction_and_breakdown,graph_answer,36,answer,contrast,1.19e-06
10,hidden_variable_identification,qwen_thinking,6,thinking,reasoning,0.00024993
10,hidden_variable_identification,qwen_thinking,6,thinking,answer,0.0001971
10,hidden_variable_identification,qwen_thinking,6,thinking,causal,0.00018617
10,hidden_variable_identification,qwen_thinking,6,thinking,uncertainty,0.00017218
10,hidden_variable_identification,qwen_thinking,6,thinking,contrast,0.00017689
10,hidden_variable_identification,qwen_thinking,6,answer,reasoning,0.00020799
10,hidden_variable_identification,qwen_thinking,6,answer,answer,0.00015506
10,hidden_variable_identification,qwen_thinking,6,answer,causal,0.00017968
10,hidden_variable_identification,qwen_thinking,6,answer,uncertainty,0.00015437
10,hidden_variable_identification,qwen_thinking,6,answer,contrast,0.00015598
10,hidden_variable_identification,qwen_thinking,7,thinking,reasoning,6e-08
10,hidden_variable_identification,qwen_thinking,7,thinking,answer,1e-08
10,hidden_variable_identification,qwen_thinking,7,thinking,causal,1.4e-07
10,hidden_variable_identification,qwen_thinking,7,thinking,uncertainty,1e-07
10,hidden_variable_identification,qwen_thinking,7,thinking,contrast,1.26e-06
10,hidden_variable_identification,qwen_thinking,7,answer,reasoning,0.00020379
10,hidden_variable_identification,qwen_thinking,7,answer,answer,0.00014435
10,hidden_variable_identification,qwen_thinking,7,answer,causal,0.00017297
10,hidden_variable_identification,qwen_thinking,7,answer,uncertainty,0.00014659
10,hidden_variable_identification,qwen_thinking,7,answer,contrast,0.00014804
10,hidden_variable_identification,qwen_thinking,8,thinking,reasoning,5e-08
10,hidden_variable_identification,qwen_thinking,8,thinking,answer,1e-08
10,hidden_variable_identification,qwen_thinking,8,thinking,causal,1.6e-07
10,hidden_variable_identification,qwen_thinking,8,thinking,uncertainty,9e-08
10,hidden_variable_identification,qwen_thinking,8,thinking,contrast,1.45e-06
10,hidden_variable_identification,qwen_thinking,8,answer,reasoning,0.00018002
10,hidden_variable_identification,qwen_thinking,8,answer,answer,0.00013801
10,hidden_variable_identification,qwen_thinking,8,answer,causal,0.00017884
10,hidden_variable_identification,qwen_thinking,8,answer,uncertainty,0.00014618
10,hidden_variable_identification,qwen_thinking,8,answer,contrast,0.00013791
10,hidden_variable_identification,qwen_thinking,9,thinking,reasoning,6e-08
10,hidden_variable_identification,qwen_thinking,9,thinking,answer,1e-08
10,hidden_variable_identification,qwen_thinking,9,thinking,causal,1.7e-07
10,hidden_variable_identification,qwen_thinking,9,thinking,uncertainty,8e-08
10,hidden_variable_identification,qwen_thinking,9,thinking,contrast,1.63e-06
10,hidden_variable_identification,qwen_thinking,9,answer,reasoning,0.00018686
10,hidden_variable_identification,qwen_thinking,9,answer,answer,0.00012413
10,hidden_variable_identification,qwen_thinking,9,answer,causal,0.00018616
10,hidden_variable_identification,qwen_thinking,9,answer,uncertainty,0.00015972
10,hidden_variable_identification,qwen_thinking,9,answer,contrast,0.00013397
10,hidden_variable_identification,qwen_thinking,10,thinking,reasoning,6e-08
10,hidden_variable_identification,qwen_thinking,10,thinking,answer,1e-08
10,hidden_variable_identification,qwen_thinking,10,thinking,causal,1.8e-07
10,hidden_variable_identification,qwen_thinking,10,thinking,uncertainty,9e-08
10,hidden_variable_identification,qwen_thinking,10,thinking,contrast,1.96e-06
10,hidden_variable_identification,qwen_thinking,10,answer,reasoning,0.00016007
10,hidden_variable_identification,qwen_thinking,10,answer,answer,0.00012048
10,hidden_variable_identification,qwen_thinking,10,answer,causal,0.00018379
10,hidden_variable_identification,qwen_thinking,10,answer,uncertainty,0.00015733
10,hidden_variable_identification,qwen_thinking,10,answer,contrast,0.00012145
10,hidden_variable_identification,qwen_thinking,35,thinking,reasoning,0.0
10,hidden_variable_identification,qwen_thinking,35,thinking,answer,0.0
10,hidden_variable_identification,qwen_thinking,35,thinking,causal,0.0
10,hidden_variable_identification,qwen_thinking,35,thinking,uncertainty,0.0
10,hidden_variable_identification,qwen_thinking,35,thinking,contrast,0.0
10,hidden_variable_identification,qwen_thinking,35,answer,reasoning,0.0
10,hidden_variable_identification,qwen_thinking,35,answer,answer,0.0
10,hidden_variable_identification,qwen_thinking,35,answer,causal,0.0
10,hidden_variable_identification,qwen_thinking,35,answer,uncertainty,0.0
10,hidden_variable_identification,qwen_thinking,35,answer,contrast,0.0
10,hidden_variable_identification,qwen_thinking,36,thinking,reasoning,0.00030513
10,hidden_variable_identification,qwen_thinking,36,thinking,answer,6.874e-05
10,hidden_variable_identification,qwen_thinking,36,thinking,causal,1.511e-05
10,hidden_variable_identification,qwen_thinking,36,thinking,uncertainty,1.365e-05
10,hidden_variable_identification,qwen_thinking,36,thinking,contrast,5.965e-05
10,hidden_variable_identification,qwen_thinking,36,answer,reasoning,4.69e-06
10,hidden_variable_identification,qwen_thinking,36,answer,answer,2.322e-05
10,hidden_variable_identification,qwen_thinking,36,answer,causal,0.00017815
10,hidden_variable_identification,qwen_thinking,36,answer,uncertainty,3.66e-06
10,hidden_variable_identification,qwen_thinking,36,answer,contrast,5.08e-06
12,hidden_variable_identification,graph_answer,6,thinking,reasoning,0.0002561
12,hidden_variable_identification,graph_answer,6,thinking,answer,0.00020688
12,hidden_variable_identification,graph_answer,6,thinking,causal,0.00019207
12,hidden_variable_identification,graph_answer,6,thinking,uncertainty,0.00017665
12,hidden_variable_identification,graph_answer,6,thinking,contrast,0.00016992
12,hidden_variable_identification,graph_answer,6,answer,reasoning,0.00022062
12,hidden_variable_identification,graph_answer,6,answer,answer,0.00016955
12,hidden_variable_identification,graph_answer,6,answer,causal,0.00017894
12,hidden_variable_identification,graph_answer,6,answer,uncertainty,0.00016221
12,hidden_variable_identification,graph_answer,6,answer,contrast,0.00016182
12,hidden_variable_identification,graph_answer,7,thinking,reasoning,6e-08
12,hidden_variable_identification,graph_answer,7,thinking,answer,1e-08
12,hidden_variable_identification,graph_answer,7,thinking,causal,1.5e-07
12,hidden_variable_identification,graph_answer,7,thinking,uncertainty,1.1e-07
12,hidden_variable_identification,graph_answer,7,thinking,contrast,1.46e-06
12,hidden_variable_identification,graph_answer,7,answer,reasoning,0.00021744
12,hidden_variable_identification,graph_answer,7,answer,answer,0.00016401
12,hidden_variable_identification,graph_answer,7,answer,causal,0.00017324
12,hidden_variable_identification,graph_answer,7,answer,uncertainty,0.00015328
12,hidden_variable_identification,graph_answer,7,answer,contrast,0.00014924
12,hidden_variable_identification,graph_answer,8,thinking,reasoning,6e-08
12,hidden_variable_identification,graph_answer,8,thinking,answer,1e-08
12,hidden_variable_identification,graph_answer,8,thinking,causal,1.8e-07
12,hidden_variable_identification,graph_answer,8,thinking,uncertainty,1.2e-07
12,hidden_variable_identification,graph_answer,8,thinking,contrast,1.64e-06
12,hidden_variable_identification,graph_answer,8,answer,reasoning,0.00020008
12,hidden_variable_identification,graph_answer,8,answer,answer,0.00016336
12,hidden_variable_identification,graph_answer,8,answer,causal,0.00017713
12,hidden_variable_identification,graph_answer,8,answer,uncertainty,0.00015507
12,hidden_variable_identification,graph_answer,8,answer,contrast,0.00014487
12,hidden_variable_identification,graph_answer,9,thinking,reasoning,6e-08
12,hidden_variable_identification,graph_answer,9,thinking,answer,1e-08
12,hidden_variable_identification,graph_answer,9,thinking,causal,1.8e-07
12,hidden_variable_identification,graph_answer,9,thinking,uncertainty,1e-07
12,hidden_variable_identification,graph_answer,9,thinking,contrast,1.87e-06
12,hidden_variable_identification,graph_answer,9,answer,reasoning,0.000188
12,hidden_variable_identification,graph_answer,9,answer,answer,0.00015714
12,hidden_variable_identification,graph_answer,9,answer,causal,0.00018823
12,hidden_variable_identification,graph_answer,9,answer,uncertainty,0.00017149
12,hidden_variable_identification,graph_answer,9,answer,contrast,0.00013668
12,hidden_variable_identification,graph_answer,10,thinking,reasoning,5e-08
12,hidden_variable_identification,graph_answer,10,thinking,answer,1e-08
12,hidden_variable_identification,graph_answer,10,thinking,causal,2e-07
12,hidden_variable_identification,graph_answer,10,thinking,uncertainty,1e-07
12,hidden_variable_identification,graph_answer,10,thinking,contrast,1.61e-06
12,hidden_variable_identification,graph_answer,10,answer,reasoning,0.00016915
12,hidden_variable_identification,graph_answer,10,answer,answer,0.00016199
12,hidden_variable_identification,graph_answer,10,answer,causal,0.00020162
12,hidden_variable_identification,graph_answer,10,answer,uncertainty,0.00017583
12,hidden_variable_identification,graph_answer,10,answer,contrast,0.00012575
12,hidden_variable_identification,graph_answer,35,thinking,reasoning,0.0
12,hidden_variable_identification,graph_answer,35,thinking,answer,0.0
12,hidden_variable_identification,graph_answer,35,thinking,causal,0.0
12,hidden_variable_identification,graph_answer,35,thinking,uncertainty,0.0
12,hidden_variable_identification,graph_answer,35,thinking,contrast,0.0
12,hidden_variable_identification,graph_answer,35,answer,reasoning,0.0
12,hidden_variable_identification,graph_answer,35,answer,answer,0.0
12,hidden_variable_identification,graph_answer,35,answer,causal,0.0
12,hidden_variable_identification,graph_answer,35,answer,uncertainty,0.0
12,hidden_variable_identification,graph_answer,35,answer,contrast,0.0
12,hidden_variable_identification,graph_answer,36,thinking,reasoning,0.0001689
12,hidden_variable_identification,graph_answer,36,thinking,answer,5.223e-05
12,hidden_variable_identification,graph_answer,36,thinking,causal,9e-07
12,hidden_variable_identification,graph_answer,36,thinking,uncertainty,6.3e-06
12,hidden_variable_identification,graph_answer,36,thinking,contrast,8.234e-05
12,hidden_variable_identification,graph_answer,36,answer,reasoning,4.98e-06
12,hidden_variable_identification,graph_answer,36,answer,answer,6.576e-05
12,hidden_variable_identification,graph_answer,36,answer,causal,0.00013963
12,hidden_variable_identification,graph_answer,36,answer,uncertainty,5.99e-06
12,hidden_variable_identification,graph_answer,36,answer,contrast,9.14e-06
13,hidden_variable_identification,graph_answer,6,thinking,reasoning,0.00024874
13,hidden_variable_identification,graph_answer,6,thinking,answer,0.00019351
13,hidden_variable_identification,graph_answer,6,thinking,causal,0.0001922
13,hidden_variable_identification,graph_answer,6,thinking,uncertainty,0.0001619
13,hidden_variable_identification,graph_answer,6,thinking,contrast,0.00017517
13,hidden_variable_identification,graph_answer,6,answer,reasoning,0.00019449
13,hidden_variable_identification,graph_answer,6,answer,answer,0.00015215
13,hidden_variable_identification,graph_answer,6,answer,causal,0.00016116
13,hidden_variable_identification,graph_answer,6,answer,uncertainty,0.00014846
13,hidden_variable_identification,graph_answer,6,answer,contrast,0.00014617
13,hidden_variable_identification,graph_answer,7,thinking,reasoning,5e-08
13,hidden_variable_identification,graph_answer,7,thinking,answer,1e-08
13,hidden_variable_identification,graph_answer,7,thinking,causal,1.2e-07
13,hidden_variable_identification,graph_answer,7,thinking,uncertainty,9e-08
13,hidden_variable_identification,graph_answer,7,thinking,contrast,1.16e-06
13,hidden_variable_identification,graph_answer,7,answer,reasoning,0.00019632
13,hidden_variable_identification,graph_answer,7,answer,answer,0.0001439
13,hidden_variable_identification,graph_answer,7,answer,causal,0.00015694
13,hidden_variable_identification,graph_answer,7,answer,uncertainty,0.00014084
13,hidden_variable_identification,graph_answer,7,answer,contrast,0.00013647
13,hidden_variable_identification,graph_answer,8,thinking,reasoning,6e-08
13,hidden_variable_identification,graph_answer,8,thinking,answer,1e-08
13,hidden_variable_identification,graph_answer,8,thinking,causal,1.5e-07
13,hidden_variable_identification,graph_answer,8,thinking,uncertainty,8e-08
13,hidden_variable_identification,graph_answer,8,thinking,contrast,1.41e-06
13,hidden_variable_identification,graph_answer,8,answer,reasoning,0.00018761
13,hidden_variable_identification,graph_answer,8,answer,answer,0.00014097
13,hidden_variable_identification,graph_answer,8,answer,causal,0.00015722
13,hidden_variable_identification,graph_answer,8,answer,uncertainty,0.00014607
13,hidden_variable_identification,graph_answer,8,answer,contrast,0.00013089
13,hidden_variable_identification,graph_answer,9,thinking,reasoning,5e-08
13,hidden_variable_identification,graph_answer,9,thinking,answer,1e-08
13,hidden_variable_identification,graph_answer,9,thinking,causal,1.4e-07
13,hidden_variable_identification,graph_answer,9,thinking,uncertainty,7e-08
13,hidden_variable_identification,graph_answer,9,thinking,contrast,1.3e-06
13,hidden_variable_identification,graph_answer,9,answer,reasoning,0.00017839
13,hidden_variable_identification,graph_answer,9,answer,answer,0.00013007
13,hidden_variable_identification,graph_answer,9,answer,causal,0.00015844
13,hidden_variable_identification,graph_answer,9,answer,uncertainty,0.00015621
13,hidden_variable_identification,graph_answer,9,answer,contrast,0.00011672
13,hidden_variable_identification,graph_answer,10,thinking,reasoning,5e-08
13,hidden_variable_identification,graph_answer,10,thinking,answer,1e-08
13,hidden_variable_identification,graph_answer,10,thinking,causal,1.6e-07
13,hidden_variable_identification,graph_answer,10,thinking,uncertainty,9e-08
13,hidden_variable_identification,graph_answer,10,thinking,contrast,1.48e-06
13,hidden_variable_identification,graph_answer,10,answer,reasoning,0.0001601
13,hidden_variable_identification,graph_answer,10,answer,answer,0.00014552
13,hidden_variable_identification,graph_answer,10,answer,causal,0.00016522
13,hidden_variable_identification,graph_answer,10,answer,uncertainty,0.00016341
13,hidden_variable_identification,graph_answer,10,answer,contrast,0.00010776
13,hidden_variable_identification,graph_answer,35,thinking,reasoning,0.0
13,hidden_variable_identification,graph_answer,35,thinking,answer,0.0
13,hidden_variable_identification,graph_answer,35,thinking,causal,0.0
13,hidden_variable_identification,graph_answer,35,thinking,uncertainty,0.0
13,hidden_variable_identification,graph_answer,35,thinking,contrast,0.0
13,hidden_variable_identification,graph_answer,35,answer,reasoning,0.0
13,hidden_variable_identification,graph_answer,35,answer,answer,0.0
13,hidden_variable_identification,graph_answer,35,answer,causal,0.0
13,hidden_variable_identification,graph_answer,35,answer,uncertainty,0.0
13,hidden_variable_identification,graph_answer,35,answer,contrast,0.0
13,hidden_variable_identification,graph_answer,36,thinking,reasoning,0.00012088
13,hidden_variable_identification,graph_answer,36,thinking,answer,2.036e-05
13,hidden_variable_identification,graph_answer,36,thinking,causal,6.77e-06
13,hidden_variable_identification,graph_answer,36,thinking,uncertainty,1.929e-05
13,hidden_variable_identification,graph_answer,36,thinking,contrast,5.675e-05
13,hidden_variable_identification,graph_answer,36,answer,reasoning,2.373e-05
13,hidden_variable_identification,graph_answer,36,answer,answer,0.00014953
13,hidden_variable_identification,graph_answer,36,answer,causal,7.464e-05
13,hidden_variable_identification,graph_answer,36,answer,uncertainty,0.00016457
13,hidden_variable_identification,graph_answer,36,answer,contrast,1.4e-05
14,hidden_variable_identification,graph_synthesis,6,thinking,reasoning,0.0002421
14,hidden_variable_identification,graph_synthesis,6,thinking,answer,0.000204
14,hidden_variable_identification,graph_synthesis,6,thinking,causal,0.00017895
14,hidden_variable_identification,graph_synthesis,6,thinking,uncertainty,0.00016126
14,hidden_variable_identification,graph_synthesis,6,thinking,contrast,0.00017471
14,hidden_variable_identification,graph_synthesis,6,answer,reasoning,0.000227
14,hidden_variable_identification,graph_synthesis,6,answer,answer,0.00017285
14,hidden_variable_identification,graph_synthesis,6,answer,causal,0.00018889
14,hidden_variable_identification,graph_synthesis,6,answer,uncertainty,0.00016239
14,hidden_variable_identification,graph_synthesis,6,answer,contrast,0.00016095
14,hidden_variable_identification,graph_synthesis,7,thinking,reasoning,5e-08
14,hidden_variable_identification,graph_synthesis,7,thinking,answer,1e-08
14,hidden_variable_identification,graph_synthesis,7,thinking,causal,1.2e-07
14,hidden_variable_identification,graph_synthesis,7,thinking,uncertainty,9e-08
14,hidden_variable_identification,graph_synthesis,7,thinking,contrast,1.19e-06
14,hidden_variable_identification,graph_synthesis,7,answer,reasoning,0.0002286
14,hidden_variable_identification,graph_synthesis,7,answer,answer,0.00016349
14,hidden_variable_identification,graph_synthesis,7,answer,causal,0.00018264
14,hidden_variable_identification,graph_synthesis,7,answer,uncertainty,0.00015271
14,hidden_variable_identification,graph_synthesis,7,answer,contrast,0.00015494
14,hidden_variable_identification,graph_synthesis,8,thinking,reasoning,4e-08
14,hidden_variable_identification,graph_synthesis,8,thinking,answer,1e-08
14,hidden_variable_identification,graph_synthesis,8,thinking,causal,1.4e-07
14,hidden_variable_identification,graph_synthesis,8,thinking,uncertainty,7e-08
14,hidden_variable_identification,graph_synthesis,8,thinking,contrast,1.37e-06
14,hidden_variable_identification,graph_synthesis,8,answer,reasoning,0.00020923
14,hidden_variable_identification,graph_synthesis,8,answer,answer,0.0001593
14,hidden_variable_identification,graph_synthesis,8,answer,causal,0.00019337
14,hidden_variable_identification,graph_synthesis,8,answer,uncertainty,0.000156
14,hidden_variable_identification,graph_synthesis,8,answer,contrast,0.00014309
14,hidden_variable_identification,graph_synthesis,9,thinking,reasoning,5e-08
14,hidden_variable_identification,graph_synthesis,9,thinking,answer,1e-08
14,hidden_variable_identification,graph_synthesis,9,thinking,causal,1.8e-07
14,hidden_variable_identification,graph_synthesis,9,thinking,uncertainty,7e-08
14,hidden_variable_identification,graph_synthesis,9,thinking,contrast,1.47e-06
14,hidden_variable_identification,graph_synthesis,9,answer,reasoning,0.000211
14,hidden_variable_identification,graph_synthesis,9,answer,answer,0.0001386
14,hidden_variable_identification,graph_synthesis,9,answer,causal,0.00019884
14,hidden_variable_identification,graph_synthesis,9,answer,uncertainty,0.00015945
14,hidden_variable_identification,graph_synthesis,9,answer,contrast,0.00013832
14,hidden_variable_identification,graph_synthesis,10,thinking,reasoning,5e-08
14,hidden_variable_identification,graph_synthesis,10,thinking,answer,1e-08
14,hidden_variable_identification,graph_synthesis,10,thinking,causal,1.8e-07
14,hidden_variable_identification,graph_synthesis,10,thinking,uncertainty,8e-08
14,hidden_variable_identification,graph_synthesis,10,thinking,contrast,1.27e-06
14,hidden_variable_identification,graph_synthesis,10,answer,reasoning,0.0001814
14,hidden_variable_identification,graph_synthesis,10,answer,answer,0.00013438
14,hidden_variable_identification,graph_synthesis,10,answer,causal,0.0002017
14,hidden_variable_identification,graph_synthesis,10,answer,uncertainty,0.00017692
14,hidden_variable_identification,graph_synthesis,10,answer,contrast,0.00013247
14,hidden_variable_identification,graph_synthesis,35,thinking,reasoning,0.0
14,hidden_variable_identification,graph_synthesis,35,thinking,answer,0.0
14,hidden_variable_identification,graph_synthesis,35,thinking,causal,0.0
14,hidden_variable_identification,graph_synthesis,35,thinking,uncertainty,0.0
14,hidden_variable_identification,graph_synthesis,35,thinking,contrast,0.0
14,hidden_variable_identification,graph_synthesis,35,answer,reasoning,0.0
14,hidden_variable_identification,graph_synthesis,35,answer,answer,0.0
14,hidden_variable_identification,graph_synthesis,35,answer,causal,0.0
14,hidden_variable_identification,graph_synthesis,35,answer,uncertainty,0.0
14,hidden_variable_identification,graph_synthesis,35,answer,contrast,0.0
14,hidden_variable_identification,graph_synthesis,36,thinking,reasoning,0.00023756
14,hidden_variable_identification,graph_synthesis,36,thinking,answer,0.00013581
14,hidden_variable_identification,graph_synthesis,36,thinking,causal,2.215e-05
14,hidden_variable_identification,graph_synthesis,36,thinking,uncertainty,7.753e-05
14,hidden_variable_identification,graph_synthesis,36,thinking,contrast,0.0001927
14,hidden_variable_identification,graph_synthesis,36,answer,reasoning,1.89e-06
14,hidden_variable_identification,graph_synthesis,36,answer,answer,1.092e-05
14,hidden_variable_identification,graph_synthesis,36,answer,causal,2.688e-05
14,hidden_variable_identification,graph_synthesis,36,answer,uncertainty,2.76e-06
14,hidden_variable_identification,graph_synthesis,36,answer,contrast,8.78e-06
15,hidden_variable_identification,graph_answer,6,thinking,reasoning,0.00024122
15,hidden_variable_identification,graph_answer,6,thinking,answer,0.00018667
15,hidden_variable_identification,graph_answer,6,thinking,causal,0.00018119
15,hidden_variable_identification,graph_answer,6,thinking,uncertainty,0.00016795
15,hidden_variable_identification,graph_answer,6,thinking,contrast,0.0001615
15,hidden_variable_identification,graph_answer,6,answer,reasoning,0.0002346
15,hidden_variable_identification,graph_answer,6,answer,answer,0.00017086
15,hidden_variable_identification,graph_answer,6,answer,causal,0.00017486
15,hidden_variable_identification,graph_answer,6,answer,uncertainty,0.00016823
15,hidden_variable_identification,graph_answer,6,answer,contrast,0.00018826
15,hidden_variable_identification,graph_answer,7,thinking,reasoning,6e-08
15,hidden_variable_identification,graph_answer,7,thinking,answer,1e-08
15,hidden_variable_identification,graph_answer,7,thinking,causal,1.3e-07
15,hidden_variable_identification,graph_answer,7,thinking,uncertainty,1e-07
15,hidden_variable_identification,graph_answer,7,thinking,contrast,1.09e-06
15,hidden_variable_identification,graph_answer,7,answer,reasoning,0.00023908
15,hidden_variable_identification,graph_answer,7,answer,answer,0.00017151
15,hidden_variable_identification,graph_answer,7,answer,causal,0.00017278
15,hidden_variable_identification,graph_answer,7,answer,uncertainty,0.00015807
15,hidden_variable_identification,graph_answer,7,answer,contrast,0.00019021
15,hidden_variable_identification,graph_answer,8,thinking,reasoning,5e-08
15,hidden_variable_identification,graph_answer,8,thinking,answer,1e-08
15,hidden_variable_identification,graph_answer,8,thinking,causal,1.2e-07
15,hidden_variable_identification,graph_answer,8,thinking,uncertainty,8e-08
15,hidden_variable_identification,graph_answer,8,thinking,contrast,1.21e-06
15,hidden_variable_identification,graph_answer,8,answer,reasoning,0.00021051
15,hidden_variable_identification,graph_answer,8,answer,answer,0.0001621
15,hidden_variable_identification,graph_answer,8,answer,causal,0.000181
15,hidden_variable_identification,graph_answer,8,answer,uncertainty,0.00015559
15,hidden_variable_identification,graph_answer,8,answer,contrast,0.00018196
15,hidden_variable_identification,graph_answer,9,thinking,reasoning,5e-08
15,hidden_variable_identification,graph_answer,9,thinking,answer,1e-08
15,hidden_variable_identification,graph_answer,9,thinking,causal,1.4e-07
15,hidden_variable_identification,graph_answer,9,thinking,uncertainty,9e-08
15,hidden_variable_identification,graph_answer,9,thinking,contrast,1.37e-06
15,hidden_variable_identification,graph_answer,9,answer,reasoning,0.00019448
15,hidden_variable_identification,graph_answer,9,answer,answer,0.00014284
15,hidden_variable_identification,graph_answer,9,answer,causal,0.00019337
15,hidden_variable_identification,graph_answer,9,answer,uncertainty,0.0001559
15,hidden_variable_identification,graph_answer,9,answer,contrast,0.00017022
15,hidden_variable_identification,graph_answer,10,thinking,reasoning,5e-08
15,hidden_variable_identification,graph_answer,10,thinking,answer,1e-08
15,hidden_variable_identification,graph_answer,10,thinking,causal,1.6e-07
15,hidden_variable_identification,graph_answer,10,thinking,uncertainty,1.1e-07
15,hidden_variable_identification,graph_answer,10,thinking,contrast,1.83e-06
15,hidden_variable_identification,graph_answer,10,answer,reasoning,0.00019131
15,hidden_variable_identification,graph_answer,10,answer,answer,0.00015174
15,hidden_variable_identification,graph_answer,10,answer,causal,0.00020901
15,hidden_variable_identification,graph_answer,10,answer,uncertainty,0.00015416
15,hidden_variable_identification,graph_answer,10,answer,contrast,0.00017159
15,hidden_variable_identification,graph_answer,35,thinking,reasoning,0.0
15,hidden_variable_identification,graph_answer,35,thinking,answer,0.0
15,hidden_variable_identification,graph_answer,35,thinking,causal,0.0
15,hidden_variable_identification,graph_answer,35,thinking,uncertainty,0.0
15,hidden_variable_identification,graph_answer,35,thinking,contrast,0.0
15,hidden_variable_identification,graph_answer,35,answer,reasoning,0.0
15,hidden_variable_identification,graph_answer,35,answer,answer,0.0
15,hidden_variable_identification,graph_answer,35,answer,causal,0.0
15,hidden_variable_identification,graph_answer,35,answer,uncertainty,0.0
15,hidden_variable_identification,graph_answer,35,answer,contrast,0.0
15,hidden_variable_identification,graph_answer,36,thinking,reasoning,0.00023869
15,hidden_variable_identification,graph_answer,36,thinking,answer,6.594e-05
15,hidden_variable_identification,graph_answer,36,thinking,causal,1.779e-05
15,hidden_variable_identification,graph_answer,36,thinking,uncertainty,2.447e-05
15,hidden_variable_identification,graph_answer,36,thinking,contrast,4.452e-05
15,hidden_variable_identification,graph_answer,36,answer,reasoning,1.56e-06
15,hidden_variable_identification,graph_answer,36,answer,answer,1.068e-05
15,hidden_variable_identification,graph_answer,36,answer,causal,4.087e-05
15,hidden_variable_identification,graph_answer,36,answer,uncertainty,4.9e-07
15,hidden_variable_identification,graph_answer,36,answer,contrast,3.34e-06
16,model_abstraction_and_breakdown,graph_answer,6,thinking,reasoning,0.00021319
16,model_abstraction_and_breakdown,graph_answer,6,thinking,answer,0.00018487
16,model_abstraction_and_breakdown,graph_answer,6,thinking,causal,0.00018114
16,model_abstraction_and_breakdown,graph_answer,6,thinking,uncertainty,0.00015769
16,model_abstraction_and_breakdown,graph_answer,6,thinking,contrast,0.0001699
16,model_abstraction_and_breakdown,graph_answer,6,answer,reasoning,0.00020299
16,model_abstraction_and_breakdown,graph_answer,6,answer,answer,0.000158
16,model_abstraction_and_breakdown,graph_answer,6,answer,causal,0.00017514
16,model_abstraction_and_breakdown,graph_answer,6,answer,uncertainty,0.00016556
16,model_abstraction_and_breakdown,graph_answer,6,answer,contrast,0.00016577
16,model_abstraction_and_breakdown,graph_answer,7,thinking,reasoning,4e-08
16,model_abstraction_and_breakdown,graph_answer,7,thinking,answer,1e-08
16,model_abstraction_and_breakdown,graph_answer,7,thinking,causal,1.3e-07
16,model_abstraction_and_breakdown,graph_answer,7,thinking,uncertainty,1.2e-07
16,model_abstraction_and_breakdown,graph_answer,7,thinking,contrast,1.21e-06
16,model_abstraction_and_breakdown,graph_answer,7,answer,reasoning,0.00020933
16,model_abstraction_and_breakdown,graph_answer,7,answer,answer,0.00015761
16,model_abstraction_and_breakdown,graph_answer,7,answer,causal,0.00018139
16,model_abstraction_and_breakdown,graph_answer,7,answer,uncertainty,0.00016157
16,model_abstraction_and_breakdown,graph_answer,7,answer,contrast,0.00015375
16,model_abstraction_and_breakdown,graph_answer,8,thinking,reasoning,3e-08
16,model_abstraction_and_breakdown,graph_answer,8,thinking,answer,0.0
16,model_abstraction_and_breakdown,graph_answer,8,thinking,causal,1.1e-07
16,model_abstraction_and_breakdown,graph_answer,8,thinking,uncertainty,1.1e-07
16,model_abstraction_and_breakdown,graph_answer,8,thinking,contrast,1.15e-06
16,model_abstraction_and_breakdown,graph_answer,8,answer,reasoning,0.00017963
16,model_abstraction_and_breakdown,graph_answer,8,answer,answer,0.00015699
16,model_abstraction_and_breakdown,graph_answer,8,answer,causal,0.00019554
16,model_abstraction_and_breakdown,graph_answer,8,answer,uncertainty,0.00016797
16,model_abstraction_and_breakdown,graph_answer,8,answer,contrast,0.00013794
16,model_abstraction_and_breakdown,graph_answer,9,thinking,reasoning,4e-08
16,model_abstraction_and_breakdown,graph_answer,9,thinking,answer,1e-08
16,model_abstraction_and_breakdown,graph_answer,9,thinking,causal,1.3e-07
16,model_abstraction_and_breakdown,graph_answer,9,thinking,uncertainty,9e-08
16,model_abstraction_and_breakdown,graph_answer,9,thinking,contrast,8.6e-07
16,model_abstraction_and_breakdown,graph_answer,9,answer,reasoning,0.00017679
16,model_abstraction_and_breakdown,graph_answer,9,answer,answer,0.00015223
16,model_abstraction_and_breakdown,graph_answer,9,answer,causal,0.00020655
16,model_abstraction_and_breakdown,graph_answer,9,answer,uncertainty,0.00016827
16,model_abstraction_and_breakdown,graph_answer,9,answer,contrast,0.00013583
16,model_abstraction_and_breakdown,graph_answer,10,thinking,reasoning,4e-08
16,model_abstraction_and_breakdown,graph_answer,10,thinking,answer,1e-08
16,model_abstraction_and_breakdown,graph_answer,10,thinking,causal,1.6e-07
16,model_abstraction_and_breakdown,graph_answer,10,thinking,uncertainty,1.3e-07
16,model_abstraction_and_breakdown,graph_answer,10,thinking,contrast,1.04e-06
16,model_abstraction_and_breakdown,graph_answer,10,answer,reasoning,0.00016386
16,model_abstraction_and_breakdown,graph_answer,10,answer,answer,0.00015128
16,model_abstraction_and_breakdown,graph_answer,10,answer,causal,0.00020617
16,model_abstraction_and_breakdown,graph_answer,10,answer,uncertainty,0.00018672
16,model_abstraction_and_breakdown,graph_answer,10,answer,contrast,0.00012708
16,model_abstraction_and_breakdown,graph_answer,35,thinking,reasoning,0.0
16,model_abstraction_and_breakdown,graph_answer,35,thinking,answer,0.0
16,model_abstraction_and_breakdown,graph_answer,35,thinking,causal,0.0
16,model_abstraction_and_breakdown,graph_answer,35,thinking,uncertainty,0.0
16,model_abstraction_and_breakdown,graph_answer,35,thinking,contrast,0.0
16,model_abstraction_and_breakdown,graph_answer,35,answer,reasoning,0.0
16,model_abstraction_and_breakdown,graph_answer,35,answer,answer,0.0
16,model_abstraction_and_breakdown,graph_answer,35,answer,causal,0.0
16,model_abstraction_and_breakdown,graph_answer,35,answer,uncertainty,0.0
16,model_abstraction_and_breakdown,graph_answer,35,answer,contrast,0.0
16,model_abstraction_and_breakdown,graph_answer,36,thinking,reasoning,0.00021713
16,model_abstraction_and_breakdown,graph_answer,36,thinking,answer,5.875e-05
16,model_abstraction_and_breakdown,graph_answer,36,thinking,causal,7.45e-06
16,model_abstraction_and_breakdown,graph_answer,36,thinking,uncertainty,7.528e-05
16,model_abstraction_and_breakdown,graph_answer,36,thinking,contrast,0.00021784
16,model_abstraction_and_breakdown,graph_answer,36,answer,reasoning,3.39e-06
16,model_abstraction_and_breakdown,graph_answer,36,answer,answer,2.317e-05
16,model_abstraction_and_breakdown,graph_answer,36,answer,causal,0.00011153
16,model_abstraction_and_breakdown,graph_answer,36,answer,uncertainty,3.67e-06
16,model_abstraction_and_breakdown,graph_answer,36,answer,contrast,6.39e-06
18,hidden_variable_identification,graph_synthesis,6,thinking,reasoning,0.00024117
18,hidden_variable_identification,graph_synthesis,6,thinking,answer,0.00019527
18,hidden_variable_identification,graph_synthesis,6,thinking,causal,0.00015957
18,hidden_variable_identification,graph_synthesis,6,thinking,uncertainty,0.00014903
18,hidden_variable_identification,graph_synthesis,6,thinking,contrast,0.00016642
18,hidden_variable_identification,graph_synthesis,6,answer,reasoning,0.00021943
18,hidden_variable_identification,graph_synthesis,6,answer,answer,0.00017255
18,hidden_variable_identification,graph_synthesis,6,answer,causal,0.00017252
18,hidden_variable_identification,graph_synthesis,6,answer,uncertainty,0.00015644
18,hidden_variable_identification,graph_synthesis,6,answer,contrast,0.00017744
18,hidden_variable_identification,graph_synthesis,7,thinking,reasoning,5e-08
18,hidden_variable_identification,graph_synthesis,7,thinking,answer,1e-08
18,hidden_variable_identification,graph_synthesis,7,thinking,causal,9e-08
18,hidden_variable_identification,graph_synthesis,7,thinking,uncertainty,7e-08
18,hidden_variable_identification,graph_synthesis,7,thinking,contrast,1.34e-06
18,hidden_variable_identification,graph_synthesis,7,answer,reasoning,0.00022335
18,hidden_variable_identification,graph_synthesis,7,answer,answer,0.00016878
18,hidden_variable_identification,graph_synthesis,7,answer,causal,0.00016932
18,hidden_variable_identification,graph_synthesis,7,answer,uncertainty,0.00014871
18,hidden_variable_identification,graph_synthesis,7,answer,contrast,0.00016553
18,hidden_variable_identification,graph_synthesis,8,thinking,reasoning,5e-08
18,hidden_variable_identification,graph_synthesis,8,thinking,answer,1e-08
18,hidden_variable_identification,graph_synthesis,8,thinking,causal,1e-07
18,hidden_variable_identification,graph_synthesis,8,thinking,uncertainty,7e-08
18,hidden_variable_identification,graph_synthesis,8,thinking,contrast,1.73e-06
18,hidden_variable_identification,graph_synthesis,8,answer,reasoning,0.0002007
18,hidden_variable_identification,graph_synthesis,8,answer,answer,0.00016573
18,hidden_variable_identification,graph_synthesis,8,answer,causal,0.00017442
18,hidden_variable_identification,graph_synthesis,8,answer,uncertainty,0.00014782
18,hidden_variable_identification,graph_synthesis,8,answer,contrast,0.00015805
18,hidden_variable_identification,graph_synthesis,9,thinking,reasoning,5e-08
18,hidden_variable_identification,graph_synthesis,9,thinking,answer,1e-08
18,hidden_variable_identification,graph_synthesis,9,thinking,causal,1e-07
18,hidden_variable_identification,graph_synthesis,9,thinking,uncertainty,5e-08
18,hidden_variable_identification,graph_synthesis,9,thinking,contrast,1.58e-06
18,hidden_variable_identification,graph_synthesis,9,answer,reasoning,0.00019616
18,hidden_variable_identification,graph_synthesis,9,answer,answer,0.00014805
18,hidden_variable_identification,graph_synthesis,9,answer,causal,0.00019384
18,hidden_variable_identification,graph_synthesis,9,answer,uncertainty,0.00015467
18,hidden_variable_identification,graph_synthesis,9,answer,contrast,0.00015192
18,hidden_variable_identification,graph_synthesis,10,thinking,reasoning,5e-08
18,hidden_variable_identification,graph_synthesis,10,thinking,answer,1e-08
18,hidden_variable_identification,graph_synthesis,10,thinking,causal,1e-07
18,hidden_variable_identification,graph_synthesis,10,thinking,uncertainty,6e-08
18,hidden_variable_identification,graph_synthesis,10,thinking,contrast,1.96e-06
18,hidden_variable_identification,graph_synthesis,10,answer,reasoning,0.00018652
18,hidden_variable_identification,graph_synthesis,10,answer,answer,0.00015485
18,hidden_variable_identification,graph_synthesis,10,answer,causal,0.00021015
18,hidden_variable_identification,graph_synthesis,10,answer,uncertainty,0.00015893
18,hidden_variable_identification,graph_synthesis,10,answer,contrast,0.00013779
18,hidden_variable_identification,graph_synthesis,35,thinking,reasoning,0.0
18,hidden_variable_identification,graph_synthesis,35,thinking,answer,0.0
18,hidden_variable_identification,graph_synthesis,35,thinking,causal,0.0
18,hidden_variable_identification,graph_synthesis,35,thinking,uncertainty,0.0
18,hidden_variable_identification,graph_synthesis,35,thinking,contrast,0.0
18,hidden_variable_identification,graph_synthesis,35,answer,reasoning,0.0
18,hidden_variable_identification,graph_synthesis,35,answer,answer,0.0
18,hidden_variable_identification,graph_synthesis,35,answer,causal,0.0
18,hidden_variable_identification,graph_synthesis,35,answer,uncertainty,0.0
18,hidden_variable_identification,graph_synthesis,35,answer,contrast,0.0
18,hidden_variable_identification,graph_synthesis,36,thinking,reasoning,0.0003768
18,hidden_variable_identification,graph_synthesis,36,thinking,answer,0.0001936
18,hidden_variable_identification,graph_synthesis,36,thinking,causal,5.14e-06
18,hidden_variable_identification,graph_synthesis,36,thinking,uncertainty,4.416e-05
18,hidden_variable_identification,graph_synthesis,36,thinking,contrast,8.306e-05
18,hidden_variable_identification,graph_synthesis,36,answer,reasoning,1.14e-06
18,hidden_variable_identification,graph_synthesis,36,answer,answer,0.00014182
18,hidden_variable_identification,graph_synthesis,36,answer,causal,1.504e-05
18,hidden_variable_identification,graph_synthesis,36,answer,uncertainty,1.46e-06
18,hidden_variable_identification,graph_synthesis,36,answer,contrast,4.224e-05
19,model_abstraction_and_breakdown,graph_answer,6,thinking,reasoning,0.00021214
19,model_abstraction_and_breakdown,graph_answer,6,thinking,answer,0.00018961
19,model_abstraction_and_breakdown,graph_answer,6,thinking,causal,0.0001882
19,model_abstraction_and_breakdown,graph_answer,6,thinking,uncertainty,0.00015591
19,model_abstraction_and_breakdown,graph_answer,6,thinking,contrast,0.00016506
19,model_abstraction_and_breakdown,graph_answer,6,answer,reasoning,0.00020362
19,model_abstraction_and_breakdown,graph_answer,6,answer,answer,0.00017514
19,model_abstraction_and_breakdown,graph_answer,6,answer,causal,0.00017668
19,model_abstraction_and_breakdown,graph_answer,6,answer,uncertainty,0.00016218
19,model_abstraction_and_breakdown,graph_answer,6,answer,contrast,0.00017704
19,model_abstraction_and_breakdown,graph_answer,7,thinking,reasoning,4e-08
19,model_abstraction_and_breakdown,graph_answer,7,thinking,answer,1e-08
19,model_abstraction_and_breakdown,graph_answer,7,thinking,causal,1.3e-07
19,model_abstraction_and_breakdown,graph_answer,7,thinking,uncertainty,1.1e-07
19,model_abstraction_and_breakdown,graph_answer,7,thinking,contrast,1.21e-06
19,model_abstraction_and_breakdown,graph_answer,7,answer,reasoning,0.00020397
19,model_abstraction_and_breakdown,graph_answer,7,answer,answer,0.00016864
19,model_abstraction_and_breakdown,graph_answer,7,answer,causal,0.00017362
19,model_abstraction_and_breakdown,graph_answer,7,answer,uncertainty,0.00015503
19,model_abstraction_and_breakdown,graph_answer,7,answer,contrast,0.00016946
19,model_abstraction_and_breakdown,graph_answer,8,thinking,reasoning,3e-08
19,model_abstraction_and_breakdown,graph_answer,8,thinking,answer,1e-08
19,model_abstraction_and_breakdown,graph_answer,8,thinking,causal,1.3e-07
19,model_abstraction_and_breakdown,graph_answer,8,thinking,uncertainty,1e-07
19,model_abstraction_and_breakdown,graph_answer,8,thinking,contrast,1.34e-06
19,model_abstraction_and_breakdown,graph_answer,8,answer,reasoning,0.00018199
19,model_abstraction_and_breakdown,graph_answer,8,answer,answer,0.00016676
19,model_abstraction_and_breakdown,graph_answer,8,answer,causal,0.00018194
19,model_abstraction_and_breakdown,graph_answer,8,answer,uncertainty,0.00015518
19,model_abstraction_and_breakdown,graph_answer,8,answer,contrast,0.00015911
19,model_abstraction_and_breakdown,graph_answer,9,thinking,reasoning,3e-08
19,model_abstraction_and_breakdown,graph_answer,9,thinking,answer,1e-08
19,model_abstraction_and_breakdown,graph_answer,9,thinking,causal,1.2e-07
19,model_abstraction_and_breakdown,graph_answer,9,thinking,uncertainty,8e-08
19,model_abstraction_and_breakdown,graph_answer,9,thinking,contrast,1.34e-06
19,model_abstraction_and_breakdown,graph_answer,9,answer,reasoning,0.00017182
19,model_abstraction_and_breakdown,graph_answer,9,answer,answer,0.00014808
19,model_abstraction_and_breakdown,graph_answer,9,answer,causal,0.000191
19,model_abstraction_and_breakdown,graph_answer,9,answer,uncertainty,0.00014888
19,model_abstraction_and_breakdown,graph_answer,9,answer,contrast,0.00015217
19,model_abstraction_and_breakdown,graph_answer,10,thinking,reasoning,3e-08
19,model_abstraction_and_breakdown,graph_answer,10,thinking,answer,1e-08
19,model_abstraction_and_breakdown,graph_answer,10,thinking,causal,1.2e-07
19,model_abstraction_and_breakdown,graph_answer,10,thinking,uncertainty,8e-08
19,model_abstraction_and_breakdown,graph_answer,10,thinking,contrast,1.47e-06
19,model_abstraction_and_breakdown,graph_answer,10,answer,reasoning,0.00016276
19,model_abstraction_and_breakdown,graph_answer,10,answer,answer,0.00014283
19,model_abstraction_and_breakdown,graph_answer,10,answer,causal,0.00018151
19,model_abstraction_and_breakdown,graph_answer,10,answer,uncertainty,0.00015066
19,model_abstraction_and_breakdown,graph_answer,10,answer,contrast,0.0001374
19,model_abstraction_and_breakdown,graph_answer,35,thinking,reasoning,0.0
19,model_abstraction_and_breakdown,graph_answer,35,thinking,answer,0.0
19,model_abstraction_and_breakdown,graph_answer,35,thinking,causal,0.0
19,model_abstraction_and_breakdown,graph_answer,35,thinking,uncertainty,0.0
19,model_abstraction_and_breakdown,graph_answer,35,thinking,contrast,0.0
19,model_abstraction_and_breakdown,graph_answer,35,answer,reasoning,0.0
19,model_abstraction_and_breakdown,graph_answer,35,answer,answer,0.0
19,model_abstraction_and_breakdown,graph_answer,35,answer,causal,0.0
19,model_abstraction_and_breakdown,graph_answer,35,answer,uncertainty,0.0
19,model_abstraction_and_breakdown,graph_answer,35,answer,contrast,0.0
19,model_abstraction_and_breakdown,graph_answer,36,thinking,reasoning,0.00018618
19,model_abstraction_and_breakdown,graph_answer,36,thinking,answer,8.465e-05
19,model_abstraction_and_breakdown,graph_answer,36,thinking,causal,1.008e-05
19,model_abstraction_and_breakdown,graph_answer,36,thinking,uncertainty,4.678e-05
19,model_abstraction_and_breakdown,graph_answer,36,thinking,contrast,0.00133309
19,model_abstraction_and_breakdown,graph_answer,36,answer,reasoning,1.24e-06
19,model_abstraction_and_breakdown,graph_answer,36,answer,answer,1.368e-05
19,model_abstraction_and_breakdown,graph_answer,36,answer,causal,4.09e-06
19,model_abstraction_and_breakdown,graph_answer,36,answer,uncertainty,2.08e-06
19,model_abstraction_and_breakdown,graph_answer,36,answer,contrast,1.11e-05
